case_id,packet_index,seed,error_mode,burst_length,detected_checksum,detected_crc10,detected_crc16,detected_crc32,time_checksum,time_crc10,time_crc16,time_crc32,detected_by,failed_by
1,0,8142027,single_bit,0,1,1,1,1,1672,4191,1949,7567,"checksum,crc10,crc16,crc32",
1,1,8142027,single_bit,0,1,1,1,1,3103,4813,972,3955,"checksum,crc10,crc16,crc32",
1,2,8142027,single_bit,0,1,1,1,1,627,2736,432,1972,"checksum,crc10,crc16,crc32",
1,3,8142027,single_bit,0,1,1,1,1,364,2448,408,1856,"checksum,crc10,crc16,crc32",
1,4,8142027,single_bit,0,1,1,1,1,371,2428,471,3683,"checksum,crc10,crc16,crc32",
1,5,8142027,single_bit,0,1,1,1,1,389,479,306,598,"checksum,crc10,crc16,crc32",
1,6,8142027,single_bit,0,1,1,1,1,297,2150,461,3825,"checksum,crc10,crc16,crc32",
1,7,8142027,single_bit,0,1,1,1,1,268,2175,480,3642,"checksum,crc10,crc16,crc32",
1,8,8142027,single_bit,0,1,1,1,1,479,4112,388,3871,"checksum,crc10,crc16,crc32",
1,9,8142027,single_bit,0,1,1,1,1,270,4050,394,3647,"checksum,crc10,crc16,crc32",
1,10,8142027,single_bit,0,1,1,1,1,265,4139,458,3859,"checksum,crc10,crc16,crc32",
2,0,8142028,single_bit,0,1,1,1,1,2455,2689,3275,2538,"checksum,crc10,crc16,crc32",
2,1,8142028,single_bit,0,1,1,1,1,2950,1982,1585,2783,"checksum,crc10,crc16,crc32",
2,2,8142028,single_bit,0,0,0,0,1,288,1301,747,1492,crc32,"checksum,crc10,crc16"
2,3,8142028,single_bit,0,1,1,1,1,464,1398,575,1361,"checksum,crc10,crc16,crc32",
2,4,8142028,single_bit,0,1,1,1,1,224,1317,592,1354,"checksum,crc10,crc16,crc32",
2,5,8142028,single_bit,0,1,1,1,1,305,308,349,415,"checksum,crc10,crc16,crc32",
2,6,8142028,single_bit,0,1,1,1,1,244,1364,566,1393,"checksum,crc10,crc16,crc32",
2,7,8142028,single_bit,0,1,1,1,1,271,1417,439,1354,"checksum,crc10,crc16,crc32",
2,8,8142028,single_bit,0,0,0,0,1,175,1298,438,1538,crc32,"checksum,crc10,crc16"
2,9,8142028,single_bit,0,1,1,1,1,227,1355,426,1374,"checksum,crc10,crc16,crc32",
2,10,8142028,single_bit,0,1,1,1,1,212,226,201,230,"checksum,crc10,crc16,crc32",
3,0,8142029,burst,11,1,1,1,1,1779,2083,3577,2855,"checksum,crc10,crc16,crc32",
3,1,8142029,burst,11,1,1,1,1,2479,1999,3560,1745,"checksum,crc10,crc16,crc32",
3,2,8142029,burst,11,1,1,1,1,783,1372,680,1150,"checksum,crc10,crc16,crc32",
3,3,8142029,burst,11,1,1,1,1,949,1404,590,1146,"checksum,crc10,crc16,crc32",
3,4,8142029,burst,11,1,1,1,1,484,291,420,340,"checksum,crc10,crc16,crc32",
3,5,8142029,burst,11,1,1,1,1,529,1281,469,1154,"checksum,crc10,crc16,crc32",
3,6,8142029,burst,11,1,1,1,1,507,1332,452,1221,"checksum,crc10,crc16,crc32",
3,7,8142029,burst,11,1,1,1,1,312,172,186,201,"checksum,crc10,crc16,crc32",
3,8,8142029,burst,11,1,1,1,1,280,141,146,148,"checksum,crc10,crc16,crc32",
3,9,8142029,burst,11,1,1,1,1,493,1311,467,1174,"checksum,crc10,crc16,crc32",
3,10,8142029,burst,11,1,1,1,1,552,1293,463,1198,"checksum,crc10,crc16,crc32",
4,0,8142030,burst,12,1,1,1,1,1030,2572,2594,7249,"checksum,crc10,crc16,crc32",
4,1,8142030,burst,12,1,1,1,1,715,813,824,2016,"checksum,crc10,crc16,crc32",
4,2,8142030,burst,12,1,1,1,1,641,2180,1168,3105,"checksum,crc10,crc16,crc32",
4,3,8142030,burst,12,1,1,1,1,245,205,231,398,"checksum,crc10,crc16,crc32",
4,4,8142030,burst,12,1,1,1,1,302,1864,561,2419,"checksum,crc10,crc16,crc32",
4,5,8142030,burst,12,1,1,1,1,260,1793,464,1929,"checksum,crc10,crc16,crc32",
4,6,8142030,burst,12,1,1,1,1,204,227,219,586,"checksum,crc10,crc16,crc32",
4,7,8142030,burst,12,1,1,1,1,177,208,214,318,"checksum,crc10,crc16,crc32",
4,8,8142030,burst,12,1,1,1,1,281,1729,510,2299,"checksum,crc10,crc16,crc32",
4,9,8142030,burst,12,0,1,1,1,285,1830,457,2042,"crc10,crc16,crc32",checksum
4,10,8142030,burst,12,1,1,1,1,163,208,203,398,"checksum,crc10,crc16,crc32",
5,0,8142031,burst,13,1,1,1,1,2109,3057,3395,3212,"checksum,crc10,crc16,crc32",
5,1,8142031,burst,13,1,1,1,1,928,4766,3692,1730,"checksum,crc10,crc16,crc32",
5,2,8142031,burst,13,1,1,1,1,386,2482,1714,1244,"checksum,crc10,crc16,crc32",
5,3,8142031,burst,13,1,1,1,1,318,497,1923,328,"checksum,crc10,crc16,crc32",
5,4,8142031,burst,13,1,1,1,1,426,1974,3160,1191,"checksum,crc10,crc16,crc32",
5,5,8142031,burst,13,1,1,1,1,168,399,577,165,"checksum,crc10,crc16,crc32",
5,6,8142031,burst,13,1,1,1,1,311,1943,1055,1216,"checksum,crc10,crc16,crc32",
5,7,8142031,burst,13,1,1,1,1,190,334,406,164,"checksum,crc10,crc16,crc32",
5,8,8142031,burst,13,1,1,1,1,220,308,1681,177,"checksum,crc10,crc16,crc32",
5,9,8142031,burst,13,1,1,1,1,336,2010,3089,1187,"checksum,crc10,crc16,crc32",
5,10,8142031,burst,13,1,1,1,1,320,1958,3033,1246,"checksum,crc10,crc16,crc32",
6,0,8142032,burst,14,1,1,1,1,2326,1050,954,1142,"checksum,crc10,crc16,crc32",
6,1,8142032,burst,14,1,1,1,1,1194,6597,1681,3359,"checksum,crc10,crc16,crc32",
6,2,8142032,burst,14,1,1,1,1,456,2288,594,1429,"checksum,crc10,crc16,crc32",
6,3,8142032,burst,14,1,1,1,1,249,2470,483,1342,"checksum,crc10,crc16,crc32",
6,4,8142032,burst,14,1,1,1,1,257,2082,543,1308,"checksum,crc10,crc16,crc32",
6,5,8142032,burst,14,1,1,1,1,295,2147,446,1299,"checksum,crc10,crc16,crc32",
6,6,8142032,burst,14,1,1,1,1,350,604,362,303,"checksum,crc10,crc16,crc32",
6,7,8142032,burst,14,1,1,1,1,310,2124,495,1416,"checksum,crc10,crc16,crc32",
6,8,8142032,burst,14,1,1,1,1,304,2092,444,1513,"checksum,crc10,crc16,crc32",
6,9,8142032,burst,14,1,1,1,1,293,2093,601,1556,"checksum,crc10,crc16,crc32",
6,10,8142032,burst,14,1,1,1,1,228,365,185,195,"checksum,crc10,crc16,crc32",
7,0,8142033,burst,15,1,1,1,1,1544,3315,3453,5767,"checksum,crc10,crc16,crc32",
7,1,8142033,burst,15,1,1,1,1,3078,4306,3193,5035,"checksum,crc10,crc16,crc32",
7,2,8142033,burst,15,1,1,1,1,465,4135,971,1871,"checksum,crc10,crc16,crc32",
7,3,8142033,burst,15,1,1,1,1,253,3988,740,1972,"checksum,crc10,crc16,crc32",
7,4,8142033,burst,15,1,1,1,1,241,4234,1027,1695,"checksum,crc10,crc16,crc32",
7,5,8142033,burst,15,1,1,1,1,388,1614,585,454,"checksum,crc10,crc16,crc32",
7,6,8142033,burst,15,1,1,1,1,272,2641,724,1637,"checksum,crc10,crc16,crc32",
7,7,8142033,burst,15,1,1,1,1,242,2557,728,1686,"checksum,crc10,crc16,crc32",
7,8,8142033,burst,15,1,1,1,1,165,438,377,286,"checksum,crc10,crc16,crc32",
7,9,8142033,burst,15,1,1,1,1,151,391,290,283,"checksum,crc10,crc16,crc32",
7,10,8142033,burst,15,1,1,1,1,315,2116,753,1884,"checksum,crc10,crc16,crc32",
8,0,8142034,burst,16,1,1,1,1,2156,409,2016,685,"checksum,crc10,crc16,crc32",
8,1,8142034,burst,16,1,1,1,1,2221,561,475,2489,"checksum,crc10,crc16,crc32",
8,2,8142034,burst,16,1,1,1,1,1238,1644,981,5742,"checksum,crc10,crc16,crc32",
8,3,8142034,burst,16,0,1,1,1,384,1387,557,1780,"crc10,crc16,crc32",checksum
8,4,8142034,burst,16,1,1,1,1,505,1293,449,4140,"checksum,crc10,crc16,crc32",
8,5,8142034,burst,16,1,1,1,1,408,1264,711,3901,"checksum,crc10,crc16,crc32",
8,6,8142034,burst,16,1,1,1,1,359,166,171,449,"checksum,crc10,crc16,crc32",
8,7,8142034,burst,16,1,1,1,1,415,1257,511,1754,"checksum,crc10,crc16,crc32",
8,8,8142034,burst,16,1,1,1,1,478,1302,442,1847,"checksum,crc10,crc16,crc32",
8,9,8142034,burst,16,1,1,1,1,425,1273,406,4610,"checksum,crc10,crc16,crc32",
8,10,8142034,burst,16,1,1,1,1,442,1276,812,4282,"checksum,crc10,crc16,crc32",
9,0,8142035,burst,17,1,1,1,1,587,325,775,749,"checksum,crc10,crc16,crc32",
9,1,8142035,burst,17,1,1,1,1,3177,1968,3737,5975,"checksum,crc10,crc16,crc32",
9,2,8142035,burst,17,1,1,1,1,1632,310,1387,411,"checksum,crc10,crc16,crc32",
9,3,8142035,burst,17,1,1,1,1,2706,1441,1278,1548,"checksum,crc10,crc16,crc32",
9,4,8142035,burst,17,1,1,1,1,2849,1326,796,1611,"checksum,crc10,crc16,crc32",
9,5,8142035,burst,17,1,1,1,1,2413,1277,2588,1452,"checksum,crc10,crc16,crc32",
9,6,8142035,burst,17,1,1,1,1,2512,1277,3712,1455,"checksum,crc10,crc16,crc32",
9,7,8142035,burst,17,1,1,1,1,2554,1291,611,1452,"checksum,crc10,crc16,crc32",
9,8,8142035,burst,17,1,1,1,1,2592,1286,396,1497,"checksum,crc10,crc16,crc32",
9,9,8142035,burst,17,1,1,1,1,2090,173,353,570,"checksum,crc10,crc16,crc32",
9,10,8142035,burst,17,1,1,1,1,506,199,216,275,"checksum,crc10,crc16,crc32",
11,0,8142037,single_bit,0,1,1,1,1,1623,4021,1712,6776,"checksum,crc10,crc16,crc32",
11,1,8142037,single_bit,0,1,1,1,1,3016,4990,1190,3791,"checksum,crc10,crc16,crc32",
11,2,8142037,single_bit,0,1,1,1,1,2478,3474,465,1829,"checksum,crc10,crc16,crc32",
11,3,8142037,single_bit,0,1,1,1,1,666,1507,414,1739,"checksum,crc10,crc16,crc32",
11,4,8142037,single_bit,0,1,1,1,1,459,1383,402,3862,"checksum,crc10,crc16,crc32",
11,5,8142037,single_bit,0,1,1,1,1,469,1276,404,3672,"checksum,crc10,crc16,crc32",
11,6,8142037,single_bit,0,1,1,1,1,449,1349,550,1640,"checksum,crc10,crc16,crc32",
11,7,8142037,single_bit,0,0,0,0,1,353,1289,487,1201,crc32,"checksum,crc10,crc16"
11,8,8142037,single_bit,0,1,1,1,1,482,1330,502,1243,"checksum,crc10,crc16,crc32",
11,9,8142037,single_bit,0,1,1,1,1,438,1283,399,1160,"checksum,crc10,crc16,crc32",
11,10,8142037,single_bit,0,1,1,1,1,512,485,296,315,"checksum,crc10,crc16,crc32",
12,0,8142038,single_bit,0,1,1,1,1,1601,4877,1591,3972,"checksum,crc10,crc16,crc32",
12,1,8142038,single_bit,0,1,1,1,1,2420,4010,1125,1801,"checksum,crc10,crc16,crc32",
12,2,8142038,single_bit,0,0,0,0,1,555,1986,473,1257,crc32,"checksum,crc10,crc16"
12,3,8142038,single_bit,0,1,1,1,1,625,2115,573,1262,"checksum,crc10,crc16,crc32",
12,4,8142038,single_bit,0,1,1,1,1,470,2136,441,1233,"checksum,crc10,crc16,crc32",
12,5,8142038,single_bit,0,1,1,1,1,468,2193,395,1142,"checksum,crc10,crc16,crc32",
12,6,8142038,single_bit,0,1,1,1,1,413,2022,414,1190,"checksum,crc10,crc16,crc32",
12,7,8142038,single_bit,0,1,1,1,1,422,2132,392,1149,"checksum,crc10,crc16,crc32",
12,8,8142038,single_bit,0,1,1,1,1,407,2011,526,1198,"checksum,crc10,crc16,crc32",
12,9,8142038,single_bit,0,1,1,1,1,740,4332,391,1160,"checksum,crc10,crc16,crc32",
12,10,8142038,single_bit,0,1,1,1,1,440,70581,388,1171,"checksum,crc10,crc16,crc32",
13,0,8142039,burst,21,1,1,1,1,794,725,438,406,"checksum,crc10,crc16,crc32",
13,1,8142039,burst,21,1,1,1,1,4002,1992,4269,2428,"checksum,crc10,crc16,crc32",
13,2,8142039,burst,21,1,1,1,1,619,304,448,302,"checksum,crc10,crc16,crc32",
13,3,8142039,burst,21,1,1,1,1,930,1612,709,1306,"checksum,crc10,crc16,crc32",
13,4,8142039,burst,21,1,1,1,1,2944,1429,456,1236,"checksum,crc10,crc16,crc32",
13,5,8142039,burst,21,1,1,1,1,852,1428,430,1228,"checksum,crc10,crc16,crc32",
13,6,8142039,burst,21,1,1,1,1,705,1379,432,1241,"checksum,crc10,crc16,crc32",
13,7,8142039,burst,21,1,1,1,1,536,186,187,227,"checksum,crc10,crc16,crc32",
13,8,8142039,burst,21,1,1,1,1,2883,1372,448,1321,"checksum,crc10,crc16,crc32",
13,9,8142039,burst,21,1,1,1,1,2729,1369,433,1268,"checksum,crc10,crc16,crc32",
13,10,8142039,burst,21,1,1,1,1,1728,186,199,182,"checksum,crc10,crc16,crc32",
14,0,8142040,burst,22,1,1,1,1,2844,3701,4278,5284,"checksum,crc10,crc16,crc32",
14,1,8142040,burst,22,1,1,1,1,4230,4674,2782,3588,"checksum,crc10,crc16,crc32",
14,2,8142040,burst,22,1,1,1,1,1257,4340,1031,1890,"checksum,crc10,crc16,crc32",
14,3,8142040,burst,22,1,1,1,1,470,781,499,431,"checksum,crc10,crc16,crc32",
14,4,8142040,burst,22,1,1,1,1,538,3858,787,1676,"checksum,crc10,crc16,crc32",
14,5,8142040,burst,22,1,1,1,1,277,520,335,284,"checksum,crc10,crc16,crc32",
14,6,8142040,burst,22,1,1,1,1,243,373,2030,247,"checksum,crc10,crc16,crc32",
14,7,8142040,burst,22,1,1,1,1,249,1530,248,233,"checksum,crc10,crc16,crc32",
14,8,8142040,burst,22,1,1,1,1,415,2569,1345,3667,"checksum,crc10,crc16,crc32",
14,9,8142040,burst,22,1,1,1,1,416,2109,697,1503,"checksum,crc10,crc16,crc32",
14,10,8142040,burst,22,1,1,1,1,791,2141,520,1404,"checksum,crc10,crc16,crc32",
15,0,8142041,burst,23,1,1,1,1,1228,603,1325,892,"checksum,crc10,crc16,crc32",
15,1,8142041,burst,23,1,1,1,1,2037,4315,4070,3299,"checksum,crc10,crc16,crc32",
15,2,8142041,burst,23,1,1,1,1,523,1946,498,387,"checksum,crc10,crc16,crc32",
15,3,8142041,burst,23,1,1,1,1,188,473,315,223,"checksum,crc10,crc16,crc32",
15,4,8142041,burst,23,1,1,1,1,720,1714,1218,1679,"checksum,crc10,crc16,crc32",
15,5,8142041,burst,23,1,1,1,1,479,1373,1032,1434,"checksum,crc10,crc16,crc32",
15,6,8142041,burst,23,1,1,1,1,391,1369,644,1516,"checksum,crc10,crc16,crc32",
15,7,8142041,burst,23,1,1,1,1,561,1322,625,1456,"checksum,crc10,crc16,crc32",
15,8,8142041,burst,23,1,1,1,1,341,1580,746,1513,"checksum,crc10,crc16,crc32",
15,9,8142041,burst,23,1,1,1,1,229,270,311,177,"checksum,crc10,crc16,crc32",
15,10,8142041,burst,23,1,1,1,1,469,1425,741,1456,"checksum,crc10,crc16,crc32",
16,0,8142042,burst,24,1,1,1,1,515,589,4107,332,"checksum,crc10,crc16,crc32",
16,1,8142042,burst,24,1,1,1,1,1883,1992,4154,2812,"checksum,crc10,crc16,crc32",
16,2,8142042,burst,24,1,1,1,1,485,1393,1250,1297,"checksum,crc10,crc16,crc32",
16,3,8142042,burst,24,1,1,1,1,349,1280,681,1235,"checksum,crc10,crc16,crc32",
16,4,8142042,burst,24,1,1,1,1,366,338,529,272,"checksum,crc10,crc16,crc32",
16,5,8142042,burst,24,1,1,1,1,183,113,355,174,"checksum,crc10,crc16,crc32",
16,6,8142042,burst,24,1,1,1,1,149,144,1866,175,"checksum,crc10,crc16,crc32",
16,7,8142042,burst,24,1,1,1,1,330,1392,2909,1259,"checksum,crc10,crc16,crc32",
16,8,8142042,burst,24,1,1,1,1,269,1321,2665,1273,"checksum,crc10,crc16,crc32",
16,9,8142042,burst,24,1,1,1,1,176,147,2393,395,"checksum,crc10,crc16,crc32",
16,10,8142042,burst,24,1,1,1,1,314,1230,1727,1643,"checksum,crc10,crc16,crc32",
17,0,8142043,burst,25,1,1,1,1,2193,692,600,1244,"checksum,crc10,crc16,crc32",
17,1,8142043,burst,25,1,1,1,1,959,3651,4088,2613,"checksum,crc10,crc16,crc32",
17,2,8142043,burst,25,1,1,1,1,328,417,613,282,"checksum,crc10,crc16,crc32",
17,3,8142043,burst,25,1,1,1,1,470,1477,935,1230,"checksum,crc10,crc16,crc32",
17,4,8142043,burst,25,1,1,1,1,240,1317,700,1257,"checksum,crc10,crc16,crc32",
17,5,8142043,burst,25,1,1,1,1,217,1289,644,1167,"checksum,crc10,crc16,crc32",
17,6,8142043,burst,25,1,1,1,1,227,159,470,163,"checksum,crc10,crc16,crc32",
17,7,8142043,burst,25,1,1,1,1,165,145,315,165,"checksum,crc10,crc16,crc32",
17,8,8142043,burst,25,1,1,1,1,139,145,310,147,"checksum,crc10,crc16,crc32",
17,9,8142043,burst,25,1,1,1,1,278,1254,940,1169,"checksum,crc10,crc16,crc32",
17,10,8142043,burst,25,1,1,1,1,298,1197,672,1210,"checksum,crc10,crc16,crc32",
18,0,8142044,burst,26,1,1,1,1,1690,5714,2152,3491,"checksum,crc10,crc16,crc32",
18,1,8142044,burst,26,1,1,1,1,2681,4325,1042,1808,"checksum,crc10,crc16,crc32",
18,2,8142044,burst,26,1,1,1,1,981,2150,462,1248,"checksum,crc10,crc16,crc32",
18,3,8142044,burst,26,1,1,1,1,2755,2042,442,1189,"checksum,crc10,crc16,crc32",
18,4,8142044,burst,26,1,1,1,1,2439,1962,397,1146,"checksum,crc10,crc16,crc32",
18,5,8142044,burst,26,1,1,1,1,741,1966,476,1138,"checksum,crc10,crc16,crc32",
18,6,8142044,burst,26,1,1,1,1,689,1931,468,1142,"checksum,crc10,crc16,crc32",
18,7,8142044,burst,26,1,1,1,1,695,1951,488,1180,"checksum,crc10,crc16,crc32",
18,8,8142044,burst,26,1,1,1,1,663,1958,387,1220,"checksum,crc10,crc16,crc32",
18,9,8142044,burst,26,1,1,1,1,458,734,398,311,"checksum,crc10,crc16,crc32",
18,10,8142044,burst,26,1,1,1,1,733,1990,513,1328,"checksum,crc10,crc16,crc32",
19,0,8142045,burst,27,1,1,1,1,1945,2293,1996,4094,"checksum,crc10,crc16,crc32",
19,1,8142045,burst,27,1,1,1,1,2574,1994,1052,1791,"checksum,crc10,crc16,crc32",
19,2,8142045,burst,27,1,1,1,1,498,1583,401,1161,"checksum,crc10,crc16,crc32",
19,3,8142045,burst,27,1,1,1,1,254,1457,390,1170,"checksum,crc10,crc16,crc32",
19,4,8142045,burst,27,1,1,1,1,275,1413,393,1142,"checksum,crc10,crc16,crc32",
19,5,8142045,burst,27,1,1,1,1,227,1399,5483,1146,"checksum,crc10,crc16,crc32",
19,6,8142045,burst,27,1,1,1,1,286,1401,3340,1241,"checksum,crc10,crc16,crc32",
19,7,8142045,burst,27,1,1,1,1,334,319,2934,312,"checksum,crc10,crc16,crc32",
19,8,8142045,burst,27,1,1,1,1,325,1395,2850,1208,"checksum,crc10,crc16,crc32",
19,9,8142045,burst,27,1,1,1,1,172,177,1604,164,"checksum,crc10,crc16,crc32",
19,10,8142045,burst,27,1,1,1,1,2068,163,1552,148,"checksum,crc10,crc16,crc32",
21,0,8142047,single_bit,0,1,1,1,1,1370,3991,2893,2861,"checksum,crc10,crc16,crc32",
21,1,8142047,single_bit,0,1,1,1,1,964,2576,2850,3258,"checksum,crc10,crc16,crc32",
21,2,8142047,single_bit,0,1,1,1,1,396,1894,899,1489,"checksum,crc10,crc16,crc32",
21,3,8142047,single_bit,0,1,1,1,1,213,1702,1079,1240,"checksum,crc10,crc16,crc32",
21,4,8142047,single_bit,0,1,1,1,1,274,1773,770,1182,"checksum,crc10,crc16,crc32",
21,5,8142047,single_bit,0,1,1,1,1,217,1621,2727,1218,"checksum,crc10,crc16,crc32",
21,6,8142047,single_bit,0,1,1,1,1,220,1617,1111,1186,"checksum,crc10,crc16,crc32",
21,7,8142047,single_bit,0,1,1,1,1,212,1602,1263,1193,"checksum,crc10,crc16,crc32",
21,8,8142047,single_bit,0,1,1,1,1,218,1581,1594,1248,"checksum,crc10,crc16,crc32",
21,9,8142047,single_bit,0,1,1,1,1,211,1588,487,1196,"checksum,crc10,crc16,crc32",
21,10,8142047,single_bit,0,1,1,1,1,221,1632,399,1205,"checksum,crc10,crc16,crc32",
22,0,8142048,single_bit,0,1,1,1,1,1135,2577,2492,6485,"checksum,crc10,crc16,crc32",
22,1,8142048,single_bit,0,1,1,1,1,1120,3190,2717,6016,"checksum,crc10,crc16,crc32",
22,2,8142048,single_bit,0,1,1,1,1,359,1817,938,4166,"checksum,crc10,crc16,crc32",
22,3,8142048,single_bit,0,1,1,1,1,267,2010,752,4398,"checksum,crc10,crc16,crc32",
22,4,8142048,single_bit,0,1,1,1,1,260,1967,755,1381,"checksum,crc10,crc16,crc32",
22,5,8142048,single_bit,0,1,1,1,1,266,1675,735,1265,"checksum,crc10,crc16,crc32",
22,6,8142048,single_bit,0,1,1,1,1,256,1653,726,1235,"checksum,crc10,crc16,crc32",
22,7,8142048,single_bit,0,1,1,1,1,211,5885,730,1270,"checksum,crc10,crc16,crc32",
22,8,8142048,single_bit,0,1,1,1,1,211,3952,903,1273,"checksum,crc10,crc16,crc32",
22,9,8142048,single_bit,0,1,1,1,1,310,3728,726,1323,"checksum,crc10,crc16,crc32",
22,10,8142048,single_bit,0,1,1,1,1,241,2579,2640,1265,"checksum,crc10,crc16,crc32",
23,0,8142049,burst,31,1,1,1,1,2214,2846,3272,2950,"checksum,crc10,crc16,crc32",
23,1,8142049,burst,31,1,1,1,1,4280,2948,2673,1980,"checksum,crc10,crc16,crc32",
23,2,8142049,burst,31,1,1,1,1,2414,894,623,382,"checksum,crc10,crc16,crc32",
23,3,8142049,burst,31,1,1,1,1,1800,1977,1082,1430,"checksum,crc10,crc16,crc32",
23,4,8142049,burst,31,1,1,1,1,2287,257,1504,204,"checksum,crc10,crc16,crc32",
23,5,8142049,burst,31,1,1,1,1,2352,225,383,173,"checksum,crc10,crc16,crc32",
23,6,8142049,burst,31,1,1,1,1,2329,173,267,134,"checksum,crc10,crc16,crc32",
23,7,8142049,burst,31,1,1,1,1,2350,169,269,136,"checksum,crc10,crc16,crc32",
23,8,8142049,burst,31,1,1,1,1,2338,201,2242,130,"checksum,crc10,crc16,crc32",
23,9,8142049,burst,31,1,1,1,1,2213,218,722,186,"checksum,crc10,crc16,crc32",
23,10,8142049,burst,31,1,1,1,1,2101,240,360,157,"checksum,crc10,crc16,crc32",
24,0,8142050,burst,32,1,1,1,1,1255,873,5052,1425,"checksum,crc10,crc16,crc32",
24,1,8142050,burst,32,1,1,1,1,1826,1691,3149,673,"checksum,crc10,crc16,crc32",
24,2,8142050,burst,32,1,1,1,1,408,461,660,189,"checksum,crc10,crc16,crc32",
24,3,8142050,burst,32,1,1,1,1,1638,3292,3861,3041,"checksum,crc10,crc16,crc32",
24,4,8142050,burst,32,1,1,1,1,415,426,2355,249,"checksum,crc10,crc16,crc32",
24,5,8142050,burst,32,1,1,1,1,267,314,1982,148,"checksum,crc10,crc16,crc32",
24,6,8142050,burst,32,1,1,1,1,709,2345,3764,1704,"checksum,crc10,crc16,crc32",
24,7,8142050,burst,32,1,1,1,1,517,4377,1135,1599,"checksum,crc10,crc16,crc32",
24,8,8142050,burst,32,1,1,1,1,334,1627,1982,268,"checksum,crc10,crc16,crc32",
24,9,8142050,burst,32,1,1,1,1,518,4269,3236,1670,"checksum,crc10,crc16,crc32",
24,10,8142050,burst,32,1,1,1,1,742,2451,3048,1620,"checksum,crc10,crc16,crc32",
25,0,8142051,burst,33,1,1,1,1,718,2414,638,736,"checksum,crc10,crc16,crc32",
25,1,8142051,burst,33,1,1,1,1,1358,2096,3802,7543,"checksum,crc10,crc16,crc32",
25,2,8142051,burst,33,1,1,1,1,415,310,538,609,"checksum,crc10,crc16,crc32",
25,3,8142051,burst,33,1,1,1,1,250,166,454,404,"checksum,crc10,crc16,crc32",
25,4,8142051,burst,33,1,1,1,1,179,132,377,1749,"checksum,crc10,crc16,crc32",
25,5,8142051,burst,33,1,1,1,1,143,128,459,399,"checksum,crc10,crc16,crc32",
25,6,8142051,burst,33,1,1,1,1,621,1559,1079,3080,"checksum,crc10,crc16,crc32",
25,7,8142051,burst,33,1,1,1,1,242,191,450,349,"checksum,crc10,crc16,crc32",
25,8,8142051,burst,33,1,1,1,1,203,123,396,512,"checksum,crc10,crc16,crc32",
25,9,8142051,burst,33,1,1,1,1,231,139,402,1707,"checksum,crc10,crc16,crc32",
25,10,8142051,burst,33,1,1,1,1,453,1476,763,4470,"checksum,crc10,crc16,crc32",
26,0,8142052,burst,34,1,1,1,1,529,1080,642,1154,"checksum,crc10,crc16,crc32",
26,1,8142052,burst,34,1,1,1,1,1793,3786,2226,491,"checksum,crc10,crc16,crc32",
26,2,8142052,burst,34,1,1,1,1,454,516,459,212,"checksum,crc10,crc16,crc32",
26,3,8142052,burst,34,1,1,1,1,1294,2509,2336,2888,"checksum,crc10,crc16,crc32",
26,4,8142052,burst,34,1,1,1,1,534,2013,1110,1212,"checksum,crc10,crc16,crc32",
26,5,8142052,burst,34,1,1,1,1,2346,1924,695,1180,"checksum,crc10,crc16,crc32",
26,6,8142052,burst,34,1,1,1,1,486,312,301,151,"checksum,crc10,crc16,crc32",
26,7,8142052,burst,34,1,1,1,1,711,1928,709,1199,"checksum,crc10,crc16,crc32",
26,8,8142052,burst,34,1,1,1,1,563,1952,643,1201,"checksum,crc10,crc16,crc32",
26,9,8142052,burst,34,1,1,1,1,561,3885,3239,1194,"checksum,crc10,crc16,crc32",
26,10,8142052,burst,34,1,1,1,1,757,2323,736,1292,"checksum,crc10,crc16,crc32",
27,0,8142053,burst,35,1,1,1,1,742,3718,844,1611,"checksum,crc10,crc16,crc32",
27,1,8142053,burst,35,1,1,1,1,3416,1954,530,1452,"checksum,crc10,crc16,crc32",
27,2,8142053,burst,35,1,1,1,1,1220,4175,1277,3305,"checksum,crc10,crc16,crc32",
27,3,8142053,burst,35,1,1,1,1,387,459,237,336,"checksum,crc10,crc16,crc32",
27,4,8142053,burst,35,1,1,1,1,584,2016,507,1633,"checksum,crc10,crc16,crc32",
27,5,8142053,burst,35,1,1,1,1,2429,1817,511,1878,"checksum,crc10,crc16,crc32",
27,6,8142053,burst,35,1,1,1,1,1537,1557,265,304,"checksum,crc10,crc16,crc32",
27,7,8142053,burst,35,1,1,1,1,2380,3555,470,1603,"checksum,crc10,crc16,crc32",
27,8,8142053,burst,35,1,1,1,1,1514,455,143,1407,"checksum,crc10,crc16,crc32",
27,9,8142053,burst,35,1,1,1,1,1037,1999,451,3629,"checksum,crc10,crc16,crc32",
27,10,8142053,burst,35,1,1,1,1,312,301,168,1366,"checksum,crc10,crc16,crc32",
28,0,8142054,burst,36,1,1,1,1,1950,3724,7282,6476,"checksum,crc10,crc16,crc32",
28,1,8142054,burst,36,1,1,1,1,1575,1658,2025,760,"checksum,crc10,crc16,crc32",
28,2,8142054,burst,36,1,1,1,1,285,259,368,245,"checksum,crc10,crc16,crc32",
28,3,8142054,burst,36,1,1,1,1,1344,2363,1883,1747,"checksum,crc10,crc16,crc32",
28,4,8142054,burst,36,1,1,1,1,559,1887,821,1276,"checksum,crc10,crc16,crc32",
28,5,8142054,burst,36,1,1,1,1,293,283,277,255,"checksum,crc10,crc16,crc32",
28,6,8142054,burst,36,1,1,1,1,218,217,219,164,"checksum,crc10,crc16,crc32",
28,7,8142054,burst,36,1,1,1,1,218,209,1640,146,"checksum,crc10,crc16,crc32",
28,8,8142054,burst,36,1,1,1,1,206,235,386,350,"checksum,crc10,crc16,crc32",
28,9,8142054,burst,36,1,1,1,1,207,211,361,192,"checksum,crc10,crc16,crc32",
28,10,8142054,burst,36,1,1,1,1,559,2020,1402,1602,"checksum,crc10,crc16,crc32",
29,0,8142055,burst,37,1,1,1,1,797,804,660,862,"checksum,crc10,crc16,crc32",
29,1,8142055,burst,37,1,1,1,1,2525,3738,3229,5350,"checksum,crc10,crc16,crc32",
29,2,8142055,burst,37,1,1,1,1,791,1946,874,2051,"checksum,crc10,crc16,crc32",
29,3,8142055,burst,37,1,1,1,1,492,414,463,459,"checksum,crc10,crc16,crc32",
29,4,8142055,burst,37,1,1,1,1,373,236,306,288,"checksum,crc10,crc16,crc32",
29,5,8142055,burst,37,1,1,1,1,367,352,250,1626,"checksum,crc10,crc16,crc32",
29,6,8142055,burst,37,1,1,1,1,486,1903,732,4478,"checksum,crc10,crc16,crc32",
29,7,8142055,burst,37,1,1,1,1,475,3553,670,1762,"checksum,crc10,crc16,crc32",
29,8,8142055,burst,37,1,1,1,1,317,374,452,547,"checksum,crc10,crc16,crc32",
29,9,8142055,burst,37,1,1,1,1,427,289,274,193,"checksum,crc10,crc16,crc32",
29,10,8142055,burst,37,1,1,1,1,373,226,263,116,"checksum,crc10,crc16,crc32",
31,0,8142057,single_bit,0,1,1,1,1,2245,2262,2087,3090,"checksum,crc10,crc16,crc32",
31,1,8142057,single_bit,0,1,1,1,1,2590,1983,3621,1791,"checksum,crc10,crc16,crc32",
31,2,8142057,single_bit,0,1,1,1,1,821,1450,3107,1163,"checksum,crc10,crc16,crc32",
31,3,8142057,single_bit,0,1,1,1,1,584,1254,3079,1271,"checksum,crc10,crc16,crc32",
31,4,8142057,single_bit,0,1,1,1,1,552,1320,3569,1260,"checksum,crc10,crc16,crc32",
31,5,8142057,single_bit,0,1,1,1,1,2490,1303,835,1158,"checksum,crc10,crc16,crc32",
31,6,8142057,single_bit,0,1,1,1,1,382,257,448,292,"checksum,crc10,crc16,crc32",
31,7,8142057,single_bit,0,1,1,1,1,391,1273,786,1175,"checksum,crc10,crc16,crc32",
31,8,8142057,single_bit,0,1,1,1,1,226,1290,785,1194,"checksum,crc10,crc16,crc32",
31,9,8142057,single_bit,0,1,1,1,1,211,196,371,216,"checksum,crc10,crc16,crc32",
31,10,8142057,single_bit,0,1,1,1,1,277,1283,764,1197,"checksum,crc10,crc16,crc32",
32,0,8142058,single_bit,0,1,1,1,1,2197,4453,1748,2794,"checksum,crc10,crc16,crc32",
32,1,8142058,single_bit,0,1,1,1,1,1977,1815,519,599,"checksum,crc10,crc16,crc32",
32,2,8142058,single_bit,0,1,1,1,1,3007,4685,717,1772,"checksum,crc10,crc16,crc32",
32,3,8142058,single_bit,0,1,1,1,1,822,2095,511,1317,"checksum,crc10,crc16,crc32",
32,4,8142058,single_bit,0,1,1,1,1,802,1403,489,1297,"checksum,crc10,crc16,crc32",
32,5,8142058,single_bit,0,1,1,1,1,3012,1357,392,1308,"checksum,crc10,crc16,crc32",
32,6,8142058,single_bit,0,1,1,1,1,814,1314,435,1297,"checksum,crc10,crc16,crc32",
32,7,8142058,single_bit,0,1,1,1,1,258,1359,390,1287,"checksum,crc10,crc16,crc32",
32,8,8142058,single_bit,0,1,1,1,1,235,1333,464,1547,"checksum,crc10,crc16,crc32",
32,9,8142058,single_bit,0,1,1,1,1,223,1326,469,1333,"checksum,crc10,crc16,crc32",
32,10,8142058,single_bit,0,1,1,1,1,219,1322,427,1333,"checksum,crc10,crc16,crc32",
33,0,8142059,burst,41,1,1,1,1,1840,4483,2684,7154,"checksum,crc10,crc16,crc32",
33,1,8142059,burst,41,1,1,1,1,2271,808,743,1843,"checksum,crc10,crc16,crc32",
33,2,8142059,burst,41,1,1,1,1,1361,2230,1040,3211,"checksum,crc10,crc16,crc32",
33,3,8142059,burst,41,1,1,1,1,456,264,226,385,"checksum,crc10,crc16,crc32",
33,4,8142059,burst,41,1,1,1,1,1918,206,202,410,"checksum,crc10,crc16,crc32",
33,5,8142059,burst,41,1,1,1,1,1818,161,253,477,"checksum,crc10,crc16,crc32",
33,6,8142059,burst,41,1,1,1,1,293,161,191,317,"checksum,crc10,crc16,crc32",
33,7,8142059,burst,41,1,1,1,1,197,161,144,1769,"checksum,crc10,crc16,crc32",
33,8,8142059,burst,41,1,1,1,1,254,181,215,529,"checksum,crc10,crc16,crc32",
33,9,8142059,burst,41,1,1,1,1,185,227,200,398,"checksum,crc10,crc16,crc32",
33,10,8142059,burst,41,1,1,1,1,152,194,148,1698,"checksum,crc10,crc16,crc32",
34,0,8142060,burst,42,1,1,1,1,2830,2914,3331,6852,"checksum,crc10,crc16,crc32",
34,1,8142060,burst,42,1,1,1,1,1654,774,2015,1787,"checksum,crc10,crc16,crc32",
34,2,8142060,burst,42,1,1,1,1,2544,226,334,353,"checksum,crc10,crc16,crc32",
34,3,8142060,burst,42,1,1,1,1,478,217,415,281,"checksum,crc10,crc16,crc32",
34,4,8142060,burst,42,1,1,1,1,1336,2160,1551,4065,"checksum,crc10,crc16,crc32",
34,5,8142060,burst,42,1,1,1,1,385,1953,928,1848,"checksum,crc10,crc16,crc32",
34,6,8142060,burst,42,1,1,1,1,310,223,314,233,"checksum,crc10,crc16,crc32",
34,7,8142060,burst,42,1,1,1,1,237,225,265,251,"checksum,crc10,crc16,crc32",
34,8,8142060,burst,42,1,1,1,1,227,216,234,256,"checksum,crc10,crc16,crc32",
34,9,8142060,burst,42,1,1,1,1,234,237,261,233,"checksum,crc10,crc16,crc32",
34,10,8142060,burst,42,1,1,1,1,212,202,318,2145,"checksum,crc10,crc16,crc32",
35,0,8142061,burst,43,1,1,1,1,775,671,560,549,"checksum,crc10,crc16,crc32",
35,1,8142061,burst,43,1,1,1,1,676,715,579,1137,"checksum,crc10,crc16,crc32",
35,2,8142061,burst,43,1,1,1,1,302,178,196,219,"checksum,crc10,crc16,crc32",
35,3,8142061,burst,43,1,1,1,1,232,183,152,167,"checksum,crc10,crc16,crc32",
35,4,8142061,burst,43,1,1,1,1,1059,2520,1102,4273,"checksum,crc10,crc16,crc32",
35,5,8142061,burst,43,1,1,1,1,462,1987,508,2738,"checksum,crc10,crc16,crc32",
35,6,8142061,burst,43,1,1,1,1,266,213,209,213,"checksum,crc10,crc16,crc32",
35,7,8142061,burst,43,1,1,1,1,495,1940,501,1686,"checksum,crc10,crc16,crc32",
35,8,8142061,burst,43,1,1,1,1,288,276,241,234,"checksum,crc10,crc16,crc32",
35,9,8142061,burst,43,1,1,1,1,359,1943,436,1809,"checksum,crc10,crc16,crc32",
35,10,8142061,burst,43,1,1,1,1,482,1943,462,2429,"checksum,crc10,crc16,crc32",
36,0,8142062,burst,44,1,1,1,1,564,536,636,859,"checksum,crc10,crc16,crc32",
36,1,8142062,burst,44,1,1,1,1,528,502,532,2087,"checksum,crc10,crc16,crc32",
36,2,8142062,burst,44,1,1,1,1,239,236,220,1786,"checksum,crc10,crc16,crc32",
36,3,8142062,burst,44,1,1,1,1,161,123,145,439,"checksum,crc10,crc16,crc32",
36,4,8142062,burst,44,1,1,1,1,216,193,185,428,"checksum,crc10,crc16,crc32",
36,5,8142062,burst,44,1,1,1,1,675,1708,1029,3832,"checksum,crc10,crc16,crc32",
36,6,8142062,burst,44,1,1,1,1,188,194,166,1732,"checksum,crc10,crc16,crc32",
36,7,8142062,burst,44,1,1,1,1,322,1337,498,4553,"checksum,crc10,crc16,crc32",
36,8,8142062,burst,44,1,1,1,1,240,1417,439,2534,"checksum,crc10,crc16,crc32",
36,9,8142062,burst,44,1,1,1,1,154,183,168,364,"checksum,crc10,crc16,crc32",
36,10,8142062,burst,44,1,1,1,1,164,208,172,211,"checksum,crc10,crc16,crc32",
37,0,8142063,burst,8,1,1,1,1,415,533,1988,583,"checksum,crc10,crc16,crc32",
37,1,8142063,burst,8,1,1,1,1,479,595,499,2353,"checksum,crc10,crc16,crc32",
37,2,8142063,burst,8,1,1,1,1,762,1682,1154,4826,"checksum,crc10,crc16,crc32",
37,3,8142063,burst,8,1,1,1,1,175,159,161,569,"checksum,crc10,crc16,crc32",
37,4,8142063,burst,8,1,1,1,1,390,1395,553,1474,"checksum,crc10,crc16,crc32",
37,5,8142063,burst,8,1,1,1,1,235,1319,485,1145,"checksum,crc10,crc16,crc32",
37,6,8142063,burst,8,1,1,1,1,158,191,151,180,"checksum,crc10,crc16,crc32",
37,7,8142063,burst,8,0,1,1,1,269,1383,483,1218,"crc10,crc16,crc32",checksum
37,8,8142063,burst,8,1,1,1,1,293,1290,541,1243,"checksum,crc10,crc16,crc32",
37,9,8142063,burst,8,1,1,1,1,285,1290,424,1166,"checksum,crc10,crc16,crc32",
37,10,8142063,burst,8,1,1,1,1,277,1256,442,1182,"checksum,crc10,crc16,crc32",
38,0,8142064,burst,9,1,1,1,1,1291,2405,4008,3249,"checksum,crc10,crc16,crc32",
38,1,8142064,burst,9,1,1,1,1,2344,1895,3207,2175,"checksum,crc10,crc16,crc32",
38,2,8142064,burst,9,1,1,1,1,461,335,593,538,"checksum,crc10,crc16,crc32",
38,3,8142064,burst,9,1,1,1,1,1892,3325,1181,1594,"checksum,crc10,crc16,crc32",
38,4,8142064,burst,9,1,1,1,1,776,1385,1263,1460,"checksum,crc10,crc16,crc32",
38,5,8142064,burst,9,1,1,1,1,2126,1474,984,1236,"checksum,crc10,crc16,crc32",
38,6,8142064,burst,9,1,1,1,1,2098,1484,906,1148,"checksum,crc10,crc16,crc32",
38,7,8142064,burst,9,1,1,1,1,1896,224,409,233,"checksum,crc10,crc16,crc32",
38,8,8142064,burst,9,1,1,1,1,918,1475,979,1188,"checksum,crc10,crc16,crc32",
38,9,8142064,burst,9,1,1,1,1,309,158,343,146,"checksum,crc10,crc16,crc32",
38,10,8142064,burst,9,1,1,1,1,454,1388,3339,1171,"checksum,crc10,crc16,crc32",
39,0,8142065,burst,10,1,1,1,1,1766,2334,4307,4552,"checksum,crc10,crc16,crc32",
39,1,8142065,burst,10,1,1,1,1,2917,1971,3499,2872,"checksum,crc10,crc16,crc32",
39,2,8142065,burst,10,1,1,1,1,1209,2558,1187,2047,"checksum,crc10,crc16,crc32",
39,3,8142065,burst,10,1,1,1,1,341,299,362,308,"checksum,crc10,crc16,crc32",
39,4,8142065,burst,10,1,1,1,1,411,1292,572,1620,"checksum,crc10,crc16,crc32",
39,5,8142065,burst,10,1,1,1,1,326,1274,514,1609,"checksum,crc10,crc16,crc32",
39,6,8142065,burst,10,1,1,1,1,269,202,311,243,"checksum,crc10,crc16,crc32",
39,7,8142065,burst,10,1,1,1,1,170,139,163,192,"checksum,crc10,crc16,crc32",
39,8,8142065,burst,10,0,1,1,1,275,1275,474,1682,"crc10,crc16,crc32",checksum
39,9,8142065,burst,10,1,1,1,1,298,1363,1031,1582,"checksum,crc10,crc16,crc32",
39,10,8142065,burst,10,1,1,1,1,842,1193,568,1585,"checksum,crc10,crc16,crc32",
41,0,8142067,single_bit,0,1,1,1,1,1268,3343,1649,4813,"checksum,crc10,crc16,crc32",
41,1,8142067,single_bit,0,1,1,1,1,2385,3366,1178,6008,"checksum,crc10,crc16,crc32",
41,2,8142067,single_bit,0,1,1,1,1,716,1531,559,1863,"checksum,crc10,crc16,crc32",
41,3,8142067,single_bit,0,1,1,1,1,517,1325,538,1882,"checksum,crc10,crc16,crc32",
41,4,8142067,single_bit,0,1,1,1,1,510,1301,459,3756,"checksum,crc10,crc16,crc32",
41,5,8142067,single_bit,0,0,0,0,1,380,1269,541,1929,crc32,"checksum,crc10,crc16"
41,6,8142067,single_bit,0,1,1,1,1,2279,1310,574,1714,"checksum,crc10,crc16,crc32",
41,7,8142067,single_bit,0,1,1,1,1,2156,1268,519,1594,"checksum,crc10,crc16,crc32",
41,8,8142067,single_bit,0,1,1,1,1,2107,1327,533,1739,"checksum,crc10,crc16,crc32",
41,9,8142067,single_bit,0,1,1,1,1,693,1264,522,1597,"checksum,crc10,crc16,crc32",
41,10,8142067,single_bit,0,1,1,1,1,631,1268,657,1632,"checksum,crc10,crc16,crc32",
42,0,8142068,single_bit,0,1,1,1,1,4116,2206,2754,3553,"checksum,crc10,crc16,crc32",
42,1,8142068,single_bit,0,1,1,1,1,2828,1802,1541,2498,"checksum,crc10,crc16,crc32",
42,2,8142068,single_bit,0,1,1,1,1,1111,1345,638,1925,"checksum,crc10,crc16,crc32",
42,3,8142068,single_bit,0,1,1,1,1,551,1336,571,1733,"checksum,crc10,crc16,crc32",
42,4,8142068,single_bit,0,1,1,1,1,530,1251,635,1723,"checksum,crc10,crc16,crc32",
42,5,8142068,single_bit,0,1,1,1,1,542,1210,647,1626,"checksum,crc10,crc16,crc32",
42,6,8142068,single_bit,0,1,1,1,1,509,1205,637,1637,"checksum,crc10,crc16,crc32",
42,7,8142068,single_bit,0,1,1,1,1,500,1207,540,1685,"checksum,crc10,crc16,crc32",
42,8,8142068,single_bit,0,1,1,1,1,496,1254,545,1770,"checksum,crc10,crc16,crc32",
42,9,8142068,single_bit,0,1,1,1,1,497,1310,546,1741,"checksum,crc10,crc16,crc32",
42,10,8142068,single_bit,0,1,1,1,1,537,1245,563,2471,"checksum,crc10,crc16,crc32",
43,0,8142069,burst,14,1,1,1,1,1360,2102,3076,4568,"checksum,crc10,crc16,crc32",
43,1,8142069,burst,14,1,1,1,1,663,492,1519,1502,"checksum,crc10,crc16,crc32",
43,2,8142069,burst,14,1,1,1,1,629,1639,1265,2405,"checksum,crc10,crc16,crc32",
43,3,8142069,burst,14,1,1,1,1,188,171,324,314,"checksum,crc10,crc16,crc32",
43,4,8142069,burst,14,1,1,1,1,259,1423,829,1758,"checksum,crc10,crc16,crc32",
43,5,8142069,burst,14,1,1,1,1,164,172,1398,251,"checksum,crc10,crc16,crc32",
43,6,8142069,burst,14,1,1,1,1,245,1276,1188,3157,"checksum,crc10,crc16,crc32",
43,7,8142069,burst,14,0,1,1,1,237,1272,3012,3180,"crc10,crc16,crc32",checksum
43,8,8142069,burst,14,1,1,1,1,328,1320,606,3896,"checksum,crc10,crc16,crc32",
43,9,8142069,burst,14,1,1,1,1,217,1282,500,1395,"checksum,crc10,crc16,crc32",
43,10,8142069,burst,14,1,1,1,1,168,165,375,366,"checksum,crc10,crc16,crc32",
44,0,8142070,burst,15,1,1,1,1,3267,1971,5205,4747,"checksum,crc10,crc16,crc32",
44,1,8142070,burst,15,1,1,1,1,961,1812,2832,3371,"checksum,crc10,crc16,crc32",
44,2,8142070,burst,15,1,1,1,1,645,1405,3168,1567,"checksum,crc10,crc16,crc32",
44,3,8142070,burst,15,1,1,1,1,355,1315,609,1393,"checksum,crc10,crc16,crc32",
44,4,8142070,burst,15,1,1,1,1,243,1264,430,1406,"checksum,crc10,crc16,crc32",
44,5,8142070,burst,15,1,1,1,1,317,319,404,408,"checksum,crc10,crc16,crc32",
44,6,8142070,burst,15,1,1,1,1,261,1280,477,1394,"checksum,crc10,crc16,crc32",
44,7,8142070,burst,15,1,1,1,1,240,1269,468,1379,"checksum,crc10,crc16,crc32",
44,8,8142070,burst,15,1,1,1,1,173,148,189,313,"checksum,crc10,crc16,crc32",
44,9,8142070,burst,15,1,1,1,1,272,1425,510,1655,"checksum,crc10,crc16,crc32",
44,10,8142070,burst,15,1,1,1,1,251,342,180,217,"checksum,crc10,crc16,crc32",
45,0,8142071,burst,16,1,1,1,1,680,685,709,713,"checksum,crc10,crc16,crc32",
45,1,8142071,burst,16,1,1,1,1,1479,4612,2779,5025,"checksum,crc10,crc16,crc32",
45,2,8142071,burst,16,1,1,1,1,484,2357,2750,1981,"checksum,crc10,crc16,crc32",
45,3,8142071,burst,16,1,1,1,1,286,492,550,425,"checksum,crc10,crc16,crc32",
45,4,8142071,burst,16,1,1,1,1,314,2215,2984,1664,"checksum,crc10,crc16,crc32",
45,5,8142071,burst,16,1,1,1,1,165,415,584,828,"checksum,crc10,crc16,crc32",
45,6,8142071,burst,16,1,1,1,1,241,4358,734,1922,"checksum,crc10,crc16,crc32",
45,7,8142071,burst,16,1,1,1,1,161,1659,186,288,"checksum,crc10,crc16,crc32",
45,8,8142071,burst,16,1,1,1,1,170,462,355,151,"checksum,crc10,crc16,crc32",
45,9,8142071,burst,16,1,1,1,1,274,2715,667,1224,"checksum,crc10,crc16,crc32",
45,10,8142071,burst,16,1,1,1,1,129,439,238,141,"checksum,crc10,crc16,crc32",
46,0,8142072,burst,17,1,1,1,1,797,520,690,590,"checksum,crc10,crc16,crc32",
46,1,8142072,burst,17,1,1,1,1,550,1862,595,1674,"checksum,crc10,crc16,crc32",
46,2,8142072,burst,17,1,1,1,1,795,4336,1690,3680,"checksum,crc10,crc16,crc32",
46,3,8142072,burst,17,1,1,1,1,282,2662,603,1811,"checksum,crc10,crc16,crc32",
46,4,8142072,burst,17,1,1,1,1,173,1583,320,354,"checksum,crc10,crc16,crc32",
46,5,8142072,burst,17,1,1,1,1,282,2682,421,1689,"checksum,crc10,crc16,crc32",
46,6,8142072,burst,17,1,1,1,1,216,3726,509,1650,"checksum,crc10,crc16,crc32",
46,7,8142072,burst,17,1,1,1,1,142,1481,167,364,"checksum,crc10,crc16,crc32",
46,8,8142072,burst,17,1,1,1,1,208,1448,200,399,"checksum,crc10,crc16,crc32",
46,9,8142072,burst,17,1,1,1,1,142,498,159,373,"checksum,crc10,crc16,crc32",
46,10,8142072,burst,17,1,1,1,1,165,403,137,341,"checksum,crc10,crc16,crc32",
47,0,8142073,burst,18,1,1,1,1,1016,1179,707,517,"checksum,crc10,crc16,crc32",
47,1,8142073,burst,18,1,1,1,1,3646,4687,1174,2371,"checksum,crc10,crc16,crc32",
47,2,8142073,burst,18,1,1,1,1,1185,2377,448,1229,"checksum,crc10,crc16,crc32",
47,3,8142073,burst,18,1,1,1,1,531,2120,388,1177,"checksum,crc10,crc16,crc32",
47,4,8142073,burst,18,1,1,1,1,547,2062,393,1158,"checksum,crc10,crc16,crc32",
47,5,8142073,burst,18,1,1,1,1,523,424,282,293,"checksum,crc10,crc16,crc32",
47,6,8142073,burst,18,1,1,1,1,560,2068,406,1186,"checksum,crc10,crc16,crc32",
47,7,8142073,burst,18,1,1,1,1,586,2067,396,1290,"checksum,crc10,crc16,crc32",
47,8,8142073,burst,18,1,1,1,1,3409,1956,387,1538,"checksum,crc10,crc16,crc32",
47,9,8142073,burst,18,1,1,1,1,2226,388,2723,280,"checksum,crc10,crc16,crc32",
47,10,8142073,burst,18,1,1,1,1,3718,3937,1622,1540,"checksum,crc10,crc16,crc32",
48,0,8142074,burst,19,1,1,1,1,1235,3151,5338,3288,"checksum,crc10,crc16,crc32",
48,1,8142074,burst,19,1,1,1,1,916,75222,3253,1884,"checksum,crc10,crc16,crc32",
48,2,8142074,burst,19,1,1,1,1,411,1806,1078,1262,"checksum,crc10,crc16,crc32",
48,3,8142074,burst,19,1,1,1,1,248,1378,861,1182,"checksum,crc10,crc16,crc32",
48,4,8142074,burst,19,1,1,1,1,335,318,574,387,"checksum,crc10,crc16,crc32",
48,5,8142074,burst,19,1,1,1,1,233,1301,1094,1214,"checksum,crc10,crc16,crc32",
48,6,8142074,burst,19,1,1,1,1,206,145,1902,155,"checksum,crc10,crc16,crc32",
48,7,8142074,burst,19,1,1,1,1,181,145,507,133,"checksum,crc10,crc16,crc32",
48,8,8142074,burst,19,1,1,1,1,304,1266,979,1262,"checksum,crc10,crc16,crc32",
48,9,8142074,burst,19,1,1,1,1,273,1288,468,1201,"checksum,crc10,crc16,crc32",
48,10,8142074,burst,19,1,1,1,1,283,1260,391,1206,"checksum,crc10,crc16,crc32",
49,0,8142075,burst,20,1,1,1,1,1738,3214,2748,2818,"checksum,crc10,crc16,crc32",
49,1,8142075,burst,20,1,1,1,1,1062,1753,3854,2005,"checksum,crc10,crc16,crc32",
49,2,8142075,burst,20,1,1,1,1,412,1294,1122,1405,"checksum,crc10,crc16,crc32",
49,3,8142075,burst,20,1,1,1,1,332,311,540,357,"checksum,crc10,crc16,crc32",
49,4,8142075,burst,20,1,1,1,1,172,164,355,223,"checksum,crc10,crc16,crc32",
49,5,8142075,burst,20,1,1,1,1,345,1295,876,1545,"checksum,crc10,crc16,crc32",
49,6,8142075,burst,20,1,1,1,1,166,156,297,167,"checksum,crc10,crc16,crc32",
49,7,8142075,burst,20,1,1,1,1,190,164,255,178,"checksum,crc10,crc16,crc32",
49,8,8142075,burst,20,1,1,1,1,233,189,336,177,"checksum,crc10,crc16,crc32",
49,9,8142075,burst,20,1,1,1,1,327,1278,1191,1507,"checksum,crc10,crc16,crc32",
49,10,8142075,burst,20,1,1,1,1,362,1394,2883,1520,"checksum,crc10,crc16,crc32",
51,0,8142077,single_bit,0,1,1,1,1,1829,2794,2812,2789,"checksum,crc10,crc16,crc32",
51,1,8142077,single_bit,0,1,1,1,1,2534,2148,4299,2232,"checksum,crc10,crc16,crc32",
51,2,8142077,single_bit,0,1,1,1,1,2486,1589,3116,1695,"checksum,crc10,crc16,crc32",
51,3,8142077,single_bit,0,1,1,1,1,758,1407,1107,1289,"checksum,crc10,crc16,crc32",
51,4,8142077,single_bit,0,1,1,1,1,256,1578,1004,1424,"checksum,crc10,crc16,crc32",
51,5,8142077,single_bit,0,1,1,1,1,239,1429,954,1304,"checksum,crc10,crc16,crc32",
51,6,8142077,single_bit,0,1,1,1,1,239,34064,1308,1212,"checksum,crc10,crc16,crc32",
51,7,8142077,single_bit,0,1,1,1,1,272,1814,892,1216,"checksum,crc10,crc16,crc32",
51,8,8142077,single_bit,0,1,1,1,1,215,1602,896,1274,"checksum,crc10,crc16,crc32",
51,9,8142077,single_bit,0,1,1,1,1,282,329,433,333,"checksum,crc10,crc16,crc32",
51,10,8142077,single_bit,0,1,1,1,1,244,1445,990,1312,"checksum,crc10,crc16,crc32",
52,0,8142078,single_bit,0,1,1,1,1,1446,2543,6281,4347,"checksum,crc10,crc16,crc32",
52,1,8142078,single_bit,0,1,1,1,1,2045,1834,4236,2347,"checksum,crc10,crc16,crc32",
52,2,8142078,single_bit,0,1,1,1,1,675,1409,3573,1566,"checksum,crc10,crc16,crc32",
52,3,8142078,single_bit,0,1,1,1,1,629,1390,1097,1545,"checksum,crc10,crc16,crc32",
52,4,8142078,single_bit,0,1,1,1,1,440,1308,1934,1515,"checksum,crc10,crc16,crc32",
52,5,8142078,single_bit,0,1,1,1,1,515,1312,3220,1574,"checksum,crc10,crc16,crc32",
52,6,8142078,single_bit,0,1,1,1,1,754,1264,3240,1542,"checksum,crc10,crc16,crc32",
52,7,8142078,single_bit,0,1,1,1,1,599,1262,1064,1698,"checksum,crc10,crc16,crc32",
52,8,8142078,single_bit,0,1,1,1,1,1964,1286,1063,1607,"checksum,crc10,crc16,crc32",
52,9,8142078,single_bit,0,1,1,1,1,2131,1294,903,1555,"checksum,crc10,crc16,crc32",
52,10,8142078,single_bit,0,1,1,1,1,749,1309,944,1636,"checksum,crc10,crc16,crc32",
53,0,8142079,burst,24,1,1,1,1,2553,2277,2329,2744,"checksum,crc10,crc16,crc32",
53,1,8142079,burst,24,1,1,1,1,839,1846,3171,1702,"checksum,crc10,crc16,crc32",
53,2,8142079,burst,24,1,1,1,1,365,321,614,365,"checksum,crc10,crc16,crc32",
53,3,8142079,burst,24,1,1,1,1,389,1411,836,1164,"checksum,crc10,crc16,crc32",
53,4,8142079,burst,24,1,1,1,1,213,1342,715,1222,"checksum,crc10,crc16,crc32",
53,5,8142079,burst,24,1,1,1,1,213,1289,809,1168,"checksum,crc10,crc16,crc32",
53,6,8142079,burst,24,1,1,1,1,198,172,343,190,"checksum,crc10,crc16,crc32",
53,7,8142079,burst,24,1,1,1,1,184,168,1859,183,"checksum,crc10,crc16,crc32",
53,8,8142079,burst,24,1,1,1,1,217,1294,1299,1244,"checksum,crc10,crc16,crc32",
53,9,8142079,burst,24,1,1,1,1,244,1284,903,1151,"checksum,crc10,crc16,crc32",
53,10,8142079,burst,24,1,1,1,1,317,1260,890,1168,"checksum,crc10,crc16,crc32",
54,0,8142080,burst,25,1,1,1,1,1667,1895,2213,2745,"checksum,crc10,crc16,crc32",
54,1,8142080,burst,25,1,1,1,1,2658,2000,1016,1873,"checksum,crc10,crc16,crc32",
54,2,8142080,burst,25,1,1,1,1,575,277,369,364,"checksum,crc10,crc16,crc32",
54,3,8142080,burst,25,1,1,1,1,197,182,179,180,"checksum,crc10,crc16,crc32",
54,4,8142080,burst,25,1,1,1,1,202,113,147,167,"checksum,crc10,crc16,crc32",
54,5,8142080,burst,25,1,1,1,1,168,119,132,152,"checksum,crc10,crc16,crc32",
54,6,8142080,burst,25,1,1,1,1,166,134,119,134,"checksum,crc10,crc16,crc32",
54,7,8142080,burst,25,1,1,1,1,679,1448,463,1221,"checksum,crc10,crc16,crc32",
54,8,8142080,burst,25,1,1,1,1,272,1302,407,1228,"checksum,crc10,crc16,crc32",
54,9,8142080,burst,25,1,1,1,1,253,1363,433,1275,"checksum,crc10,crc16,crc32",
54,10,8142080,burst,25,1,1,1,1,168,182,152,174,"checksum,crc10,crc16,crc32",
55,0,8142081,burst,26,1,1,1,1,3620,3430,4311,5162,"checksum,crc10,crc16,crc32",
55,1,8142081,burst,26,1,1,1,1,3043,4883,3147,4654,"checksum,crc10,crc16,crc32",
55,2,8142081,burst,26,1,1,1,1,1918,526,1758,906,"checksum,crc10,crc16,crc32",
55,3,8142081,burst,26,1,1,1,1,2823,2070,1569,2040,"checksum,crc10,crc16,crc32",
55,4,8142081,burst,26,1,1,1,1,989,2520,1561,1313,"checksum,crc10,crc16,crc32",
55,5,8142081,burst,26,1,1,1,1,656,1939,833,1236,"checksum,crc10,crc16,crc32",
55,6,8142081,burst,26,1,1,1,1,642,2087,2834,1152,"checksum,crc10,crc16,crc32",
55,7,8142081,burst,26,1,1,1,1,2854,1872,1053,1195,"checksum,crc10,crc16,crc32",
55,8,8142081,burst,26,1,1,1,1,1104,1884,482,1330,"checksum,crc10,crc16,crc32",
55,9,8142081,burst,26,1,1,1,1,572,361,336,269,"checksum,crc10,crc16,crc32",
55,10,8142081,burst,26,1,1,1,1,2665,1880,432,1303,"checksum,crc10,crc16,crc32",
56,0,8142082,burst,27,1,1,1,1,2307,5018,4288,4162,"checksum,crc10,crc16,crc32",
56,1,8142082,burst,27,1,1,1,1,523,4419,2141,1919,"checksum,crc10,crc16,crc32",
56,2,8142082,burst,27,1,1,1,1,203,653,2014,225,"checksum,crc10,crc16,crc32",
56,3,8142082,burst,27,1,1,1,1,653,3039,1878,2249,"checksum,crc10,crc16,crc32",
56,4,8142082,burst,27,1,1,1,1,237,2212,3492,1309,"checksum,crc10,crc16,crc32",
56,5,8142082,burst,27,1,1,1,1,223,384,2039,203,"checksum,crc10,crc16,crc32",
56,6,8142082,burst,27,1,1,1,1,169,262,1929,150,"checksum,crc10,crc16,crc32",
56,7,8142082,burst,27,1,1,1,1,278,1990,3497,1308,"checksum,crc10,crc16,crc32",
56,8,8142082,burst,27,1,1,1,1,188,269,2641,225,"checksum,crc10,crc16,crc32",
56,9,8142082,burst,27,1,1,1,1,173,274,360,154,"checksum,crc10,crc16,crc32",
56,10,8142082,burst,27,1,1,1,1,397,1967,930,1497,"checksum,crc10,crc16,crc32",
57,0,8142083,burst,28,1,1,1,1,588,662,885,578,"checksum,crc10,crc16,crc32",
57,1,8142083,burst,28,1,1,1,1,596,463,2975,547,"checksum,crc10,crc16,crc32",
57,2,8142083,burst,28,1,1,1,1,855,1701,3053,2059,"checksum,crc10,crc16,crc32",
57,3,8142083,burst,28,0,1,1,1,297,1444,1375,1258,"crc10,crc16,crc32",checksum
57,4,8142083,burst,28,1,1,1,1,192,208,514,177,"checksum,crc10,crc16,crc32",
57,5,8142083,burst,28,1,1,1,1,307,1287,854,1201,"checksum,crc10,crc16,crc32",
57,6,8142083,burst,28,1,1,1,1,205,177,553,162,"checksum,crc10,crc16,crc32",
57,7,8142083,burst,28,1,1,1,1,260,1316,802,1194,"checksum,crc10,crc16,crc32",
57,8,8142083,burst,28,1,1,1,1,241,1322,937,1226,"checksum,crc10,crc16,crc32",
57,9,8142083,burst,28,1,1,1,1,147,149,469,197,"checksum,crc10,crc16,crc32",
57,10,8142083,burst,28,1,1,1,1,147,117,2069,164,"checksum,crc10,crc16,crc32",
58,0,8142084,burst,29,1,1,1,1,1776,3444,3313,2596,"checksum,crc10,crc16,crc32",
58,1,8142084,burst,29,1,1,1,1,2998,4281,3608,1698,"checksum,crc10,crc16,crc32",
58,2,8142084,burst,29,1,1,1,1,1753,504,560,349,"checksum,crc10,crc16,crc32",
58,3,8142084,burst,29,1,1,1,1,532,1801,208,182,"checksum,crc10,crc16,crc32",
58,4,8142084,burst,29,1,1,1,1,328,299,226,179,"checksum,crc10,crc16,crc32",
58,5,8142084,burst,29,1,1,1,1,1288,1754,812,3236,"checksum,crc10,crc16,crc32",
58,6,8142084,burst,29,1,1,1,1,1900,192,157,374,"checksum,crc10,crc16,crc32",
58,7,8142084,burst,29,1,1,1,1,1388,1271,477,1265,"checksum,crc10,crc16,crc32",
58,8,8142084,burst,29,1,1,1,1,2740,1429,411,1214,"checksum,crc10,crc16,crc32",
58,9,8142084,burst,29,1,1,1,1,2816,1311,405,1219,"checksum,crc10,crc16,crc32",
58,10,8142084,burst,29,1,1,1,1,1859,174,179,214,"checksum,crc10,crc16,crc32",
59,0,8142085,burst,30,1,1,1,1,1931,3703,3671,2676,"checksum,crc10,crc16,crc32",
59,1,8142085,burst,30,1,1,1,1,3487,4707,1452,1789,"checksum,crc10,crc16,crc32",
59,2,8142085,burst,30,1,1,1,1,2005,552,491,322,"checksum,crc10,crc16,crc32",
59,3,8142085,burst,30,1,1,1,1,2536,2588,635,1287,"checksum,crc10,crc16,crc32",
59,4,8142085,burst,30,1,1,1,1,2463,2368,653,1188,"checksum,crc10,crc16,crc32",
59,5,8142085,burst,30,1,1,1,1,2439,2379,563,1200,"checksum,crc10,crc16,crc32",
59,6,8142085,burst,30,1,1,1,1,1591,412,237,187,"checksum,crc10,crc16,crc32",
59,7,8142085,burst,30,1,1,1,1,1612,335,203,171,"checksum,crc10,crc16,crc32",
59,8,8142085,burst,30,1,1,1,1,1834,338,160,169,"checksum,crc10,crc16,crc32",
59,9,8142085,burst,30,1,1,1,1,2528,2506,611,1357,"checksum,crc10,crc16,crc32",
59,10,8142085,burst,30,1,1,1,1,2331,2347,569,18185,"checksum,crc10,crc16,crc32",
61,0,8142087,single_bit,0,1,1,1,1,1352,2121,2537,7643,"checksum,crc10,crc16,crc32",
61,1,8142087,single_bit,0,1,1,1,1,1009,1775,955,4584,"checksum,crc10,crc16,crc32",
61,2,8142087,single_bit,0,1,1,1,1,383,1513,417,2124,"checksum,crc10,crc16,crc32",
61,3,8142087,single_bit,0,1,1,1,1,218,1333,790,1800,"checksum,crc10,crc16,crc32",
61,4,8142087,single_bit,0,1,1,1,1,234,1263,617,3618,"checksum,crc10,crc16,crc32",
61,5,8142087,single_bit,0,1,1,1,1,218,1314,492,3788,"checksum,crc10,crc16,crc32",
61,6,8142087,single_bit,0,1,1,1,1,210,1267,473,3673,"checksum,crc10,crc16,crc32",
61,7,8142087,single_bit,0,1,1,1,1,220,1269,469,2113,"checksum,crc10,crc16,crc32",
61,8,8142087,single_bit,0,1,1,1,1,253,1263,456,3809,"checksum,crc10,crc16,crc32",
61,9,8142087,single_bit,0,1,1,1,1,215,1238,390,3697,"checksum,crc10,crc16,crc32",
61,10,8142087,single_bit,0,1,1,1,1,248,3105,448,2197,"checksum,crc10,crc16,crc32",
62,0,8142088,single_bit,0,1,1,1,1,1215,2147,3523,3498,"checksum,crc10,crc16,crc32",
62,1,8142088,single_bit,0,1,1,1,1,1199,1947,2816,3335,"checksum,crc10,crc16,crc32",
62,2,8142088,single_bit,0,1,1,1,1,394,1427,960,2166,"checksum,crc10,crc16,crc32",
62,3,8142088,single_bit,0,1,1,1,1,214,1296,2736,1561,"checksum,crc10,crc16,crc32",
62,4,8142088,single_bit,0,1,1,1,1,866,1310,1094,1556,"checksum,crc10,crc16,crc32",
62,5,8142088,single_bit,0,1,1,1,1,365,1272,890,1516,"checksum,crc10,crc16,crc32",
62,6,8142088,single_bit,0,1,1,1,1,253,1379,882,3213,"checksum,crc10,crc16,crc32",
62,7,8142088,single_bit,0,1,1,1,1,213,1242,879,1894,"checksum,crc10,crc16,crc32",
62,8,8142088,single_bit,0,1,1,1,1,215,1275,832,1888,"checksum,crc10,crc16,crc32",
62,9,8142088,single_bit,0,1,1,1,1,223,1263,820,3294,"checksum,crc10,crc16,crc32",
62,10,8142088,single_bit,0,1,1,1,1,297,1274,823,3373,"checksum,crc10,crc16,crc32",
63,0,8142089,burst,34,1,1,1,1,1212,2443,1956,2936,"checksum,crc10,crc16,crc32",
63,1,8142089,burst,34,1,1,1,1,911,2080,1099,1938,"checksum,crc10,crc16,crc32",
63,2,8142089,burst,34,1,1,1,1,374,1422,404,1280,"checksum,crc10,crc16,crc32",
63,3,8142089,burst,34,1,1,1,1,302,305,315,375,"checksum,crc10,crc16,crc32",
63,4,8142089,burst,34,1,1,1,1,193,208,212,196,"checksum,crc10,crc16,crc32",
63,5,8142089,burst,34,1,1,1,1,175,167,175,160,"checksum,crc10,crc16,crc32",
63,6,8142089,burst,34,1,1,1,1,251,1502,451,1261,"checksum,crc10,crc16,crc32",
63,7,8142089,burst,34,1,1,1,1,238,1512,406,1327,"checksum,crc10,crc16,crc32",
63,8,8142089,burst,34,1,1,1,1,275,1382,431,1321,"checksum,crc10,crc16,crc32",
63,9,8142089,burst,34,1,1,1,1,259,1409,382,1322,"checksum,crc10,crc16,crc32",
63,10,8142089,burst,34,1,1,1,1,222,187,199,185,"checksum,crc10,crc16,crc32",
64,0,8142090,burst,35,1,1,1,1,933,756,1454,2488,"checksum,crc10,crc16,crc32",
64,1,8142090,burst,35,1,1,1,1,873,799,938,638,"checksum,crc10,crc16,crc32",
64,2,8142090,burst,35,1,1,1,1,316,284,332,194,"checksum,crc10,crc16,crc32",
64,3,8142090,burst,35,1,1,1,1,1126,2186,1451,4138,"checksum,crc10,crc16,crc32",
64,4,8142090,burst,35,1,1,1,1,235,178,267,211,"checksum,crc10,crc16,crc32",
64,5,8142090,burst,35,1,1,1,1,475,1810,827,1668,"checksum,crc10,crc16,crc32",
64,6,8142090,burst,35,1,1,1,1,255,191,246,196,"checksum,crc10,crc16,crc32",
64,7,8142090,burst,35,1,1,1,1,182,198,204,156,"checksum,crc10,crc16,crc32",
64,8,8142090,burst,35,1,1,1,1,185,197,222,194,"checksum,crc10,crc16,crc32",
64,9,8142090,burst,35,1,1,1,1,178,195,222,154,"checksum,crc10,crc16,crc32",
64,10,8142090,burst,35,1,1,1,1,540,1749,705,1666,"checksum,crc10,crc16,crc32",
65,0,8142091,burst,36,1,1,1,1,3770,555,3002,780,"checksum,crc10,crc16,crc32",
65,1,8142091,burst,36,1,1,1,1,3266,4960,1849,4648,"checksum,crc10,crc16,crc32",
65,2,8142091,burst,36,1,1,1,1,446,498,517,492,"checksum,crc10,crc16,crc32",
65,3,8142091,burst,36,1,1,1,1,536,307,239,219,"checksum,crc10,crc16,crc32",
65,4,8142091,burst,36,1,1,1,1,256,252,169,222,"checksum,crc10,crc16,crc32",
65,5,8142091,burst,36,1,1,1,1,239,262,169,220,"checksum,crc10,crc16,crc32",
65,6,8142091,burst,36,1,1,1,1,659,2135,751,1910,"checksum,crc10,crc16,crc32",
65,7,8142091,burst,36,1,1,1,1,481,1947,617,1763,"checksum,crc10,crc16,crc32",
65,8,8142091,burst,36,1,1,1,1,427,3819,593,1738,"checksum,crc10,crc16,crc32",
65,9,8142091,burst,36,1,1,1,1,355,386,324,312,"checksum,crc10,crc16,crc32",
65,10,8142091,burst,36,1,1,1,1,297,239,205,219,"checksum,crc10,crc16,crc32",
66,0,8142092,burst,37,1,1,1,1,671,497,426,522,"checksum,crc10,crc16,crc32",
66,1,8142092,burst,37,1,1,1,1,2565,1852,1368,2721,"checksum,crc10,crc16,crc32",
66,2,8142092,burst,37,1,1,1,1,1011,1399,538,1200,"checksum,crc10,crc16,crc32",
66,3,8142092,burst,37,1,1,1,1,552,1433,428,1176,"checksum,crc10,crc16,crc32",
66,4,8142092,burst,37,1,1,1,1,474,296,372,376,"checksum,crc10,crc16,crc32",
66,5,8142092,burst,37,1,1,1,1,358,181,196,171,"checksum,crc10,crc16,crc32",
66,6,8142092,burst,37,1,1,1,1,441,135,165,143,"checksum,crc10,crc16,crc32",
66,7,8142092,burst,37,1,1,1,1,359,117,155,118,"checksum,crc10,crc16,crc32",
66,8,8142092,burst,37,1,1,1,1,340,147,151,118,"checksum,crc10,crc16,crc32",
66,9,8142092,burst,37,1,1,1,1,528,1260,471,1201,"checksum,crc10,crc16,crc32",
66,10,8142092,burst,37,1,1,1,1,306,149,117,117,"checksum,crc10,crc16,crc32",
67,0,8142093,burst,38,1,1,1,1,613,555,548,709,"checksum,crc10,crc16,crc32",
67,1,8142093,burst,38,1,1,1,1,2841,3846,4073,6137,"checksum,crc10,crc16,crc32",
67,2,8142093,burst,38,1,1,1,1,1648,422,406,499,"checksum,crc10,crc16,crc32",
67,3,8142093,burst,38,1,1,1,1,1160,1947,560,2222,"checksum,crc10,crc16,crc32",
67,4,8142093,burst,38,1,1,1,1,331,320,207,408,"checksum,crc10,crc16,crc32",
67,5,8142093,burst,38,1,1,1,1,841,1721,515,1896,"checksum,crc10,crc16,crc32",
67,6,8142093,burst,38,1,1,1,1,478,1670,448,1973,"checksum,crc10,crc16,crc32",
67,7,8142093,burst,38,1,1,1,1,458,1695,415,4031,"checksum,crc10,crc16,crc32",
67,8,8142093,burst,38,1,1,1,1,431,1673,418,4161,"checksum,crc10,crc16,crc32",
67,9,8142093,burst,38,1,1,1,1,322,640,141,1440,"checksum,crc10,crc16,crc32",
67,10,8142093,burst,38,1,1,1,1,612,1734,415,3635,"checksum,crc10,crc16,crc32",
68,0,8142094,burst,39,1,1,1,1,1697,4023,2152,4534,"checksum,crc10,crc16,crc32",
68,1,8142094,burst,39,1,1,1,1,1481,633,581,1524,"checksum,crc10,crc16,crc32",
68,2,8142094,burst,39,1,1,1,1,1149,1980,744,2325,"checksum,crc10,crc16,crc32",
68,3,8142094,burst,39,1,1,1,1,344,233,194,300,"checksum,crc10,crc16,crc32",
68,4,8142094,burst,39,1,1,1,1,163,408,164,295,"checksum,crc10,crc16,crc32",
68,5,8142094,burst,39,1,1,1,1,147,157,135,1515,"checksum,crc10,crc16,crc32",
68,6,8142094,burst,39,1,1,1,1,282,1967,417,2492,"checksum,crc10,crc16,crc32",
68,7,8142094,burst,39,1,1,1,1,136,207,162,341,"checksum,crc10,crc16,crc32",
68,8,8142094,burst,39,1,1,1,1,150,191,143,271,"checksum,crc10,crc16,crc32",
68,9,8142094,burst,39,1,1,1,1,211,190,193,274,"checksum,crc10,crc16,crc32",
68,10,8142094,burst,39,1,1,1,1,148,221,169,319,"checksum,crc10,crc16,crc32",
69,0,8142095,burst,40,1,1,1,1,1242,625,2707,551,"checksum,crc10,crc16,crc32",
69,1,8142095,burst,40,1,1,1,1,2031,4946,1640,7825,"checksum,crc10,crc16,crc32",
69,2,8142095,burst,40,1,1,1,1,442,470,540,452,"checksum,crc10,crc16,crc32",
69,3,8142095,burst,40,1,1,1,1,526,347,247,350,"checksum,crc10,crc16,crc32",
69,4,8142095,burst,40,1,1,1,1,225,419,175,296,"checksum,crc10,crc16,crc32",
69,5,8142095,burst,40,1,1,1,1,692,2029,765,1804,"checksum,crc10,crc16,crc32",
69,6,8142095,burst,40,1,1,1,1,424,1699,533,1886,"checksum,crc10,crc16,crc32",
69,7,8142095,burst,40,1,1,1,1,225,340,203,293,"checksum,crc10,crc16,crc32",
69,8,8142095,burst,40,1,1,1,1,228,320,183,278,"checksum,crc10,crc16,crc32",
69,9,8142095,burst,40,1,1,1,1,210,323,182,268,"checksum,crc10,crc16,crc32",
69,10,8142095,burst,40,1,1,1,1,486,1994,526,1764,"checksum,crc10,crc16,crc32",
71,0,8142097,single_bit,0,1,1,1,1,1473,3948,2430,4224,"checksum,crc10,crc16,crc32",
71,1,8142097,single_bit,0,1,1,1,1,1695,2043,2725,1910,"checksum,crc10,crc16,crc32",
71,2,8142097,single_bit,0,1,1,1,1,384,1533,1175,1282,"checksum,crc10,crc16,crc32",
71,3,8142097,single_bit,0,1,1,1,1,272,1376,1024,1259,"checksum,crc10,crc16,crc32",
71,4,8142097,single_bit,0,1,1,1,1,296,1353,760,1282,"checksum,crc10,crc16,crc32",
71,5,8142097,single_bit,0,1,1,1,1,324,1399,2595,1267,"checksum,crc10,crc16,crc32",
71,6,8142097,single_bit,0,1,1,1,1,393,399,566,357,"checksum,crc10,crc16,crc32",
71,7,8142097,single_bit,0,1,1,1,1,297,1306,2595,1335,"checksum,crc10,crc16,crc32",
71,8,8142097,single_bit,0,1,1,1,1,703,1398,967,1397,"checksum,crc10,crc16,crc32",
71,9,8142097,single_bit,0,0,0,0,1,289,1416,699,1287,crc32,"checksum,crc10,crc16"
71,10,8142097,single_bit,0,1,1,1,1,466,1370,1252,1301,"checksum,crc10,crc16,crc32",
72,0,8142098,single_bit,0,1,1,1,1,1435,2607,4915,3197,"checksum,crc10,crc16,crc32",
72,1,8142098,single_bit,0,1,1,1,1,1000,3324,2265,2213,"checksum,crc10,crc16,crc32",
72,2,8142098,single_bit,0,1,1,1,1,402,2036,1010,1486,"checksum,crc10,crc16,crc32",
72,3,8142098,single_bit,0,1,1,1,1,259,1780,603,1519,"checksum,crc10,crc16,crc32",
72,4,8142098,single_bit,0,1,1,1,1,320,1736,2432,1436,"checksum,crc10,crc16,crc32",
72,5,8142098,single_bit,0,1,1,1,1,346,1730,720,1425,"checksum,crc10,crc16,crc32",
72,6,8142098,single_bit,0,1,1,1,1,300,1717,663,1432,"checksum,crc10,crc16,crc32",
72,7,8142098,single_bit,0,1,1,1,1,284,1717,647,1443,"checksum,crc10,crc16,crc32",
72,8,8142098,single_bit,0,1,1,1,1,253,1759,768,1563,"checksum,crc10,crc16,crc32",
72,9,8142098,single_bit,0,1,1,1,1,260,1717,519,1478,"checksum,crc10,crc16,crc32",
72,10,8142098,single_bit,0,1,1,1,1,310,1726,628,1494,"checksum,crc10,crc16,crc32",
73,0,8142099,burst,44,1,1,1,1,668,630,698,527,"checksum,crc10,crc16,crc32",
73,1,8142099,burst,44,1,1,1,1,1193,4486,3728,3947,"checksum,crc10,crc16,crc32",
73,2,8142099,burst,44,1,1,1,1,312,487,534,448,"checksum,crc10,crc16,crc32",
73,3,8142099,burst,44,1,1,1,1,165,361,394,283,"checksum,crc10,crc16,crc32",
73,4,8142099,burst,44,1,1,1,1,504,2166,965,1618,"checksum,crc10,crc16,crc32",
73,5,8142099,burst,44,1,1,1,1,154,335,371,253,"checksum,crc10,crc16,crc32",
73,6,8142099,burst,44,1,1,1,1,162,344,378,252,"checksum,crc10,crc16,crc32",
73,7,8142099,burst,44,1,1,1,1,158,335,373,1347,"checksum,crc10,crc16,crc32",
73,8,8142099,burst,44,1,1,1,1,128,460,376,764,"checksum,crc10,crc16,crc32",
73,9,8142099,burst,44,1,1,1,1,127,342,358,268,"checksum,crc10,crc16,crc32",
73,10,8142099,burst,44,1,1,1,1,163,341,433,205,"checksum,crc10,crc16,crc32",
74,0,8142100,burst,8,0,1,1,1,636,3006,4114,8365,"crc10,crc16,crc32",checksum
74,1,8142100,burst,8,0,1,1,1,2245,4016,1463,4809,"crc10,crc16,crc32",checksum
74,2,8142100,burst,8,1,1,1,1,795,2426,586,2395,"checksum,crc10,crc16,crc32",
74,3,8142100,burst,8,1,1,1,1,402,2048,634,2007,"checksum,crc10,crc16,crc32",
74,4,8142100,burst,8,0,1,1,1,253,2282,697,1925,"crc10,crc16,crc32",checksum
74,5,8142100,burst,8,1,1,1,1,366,2060,574,5064,"checksum,crc10,crc16,crc32",
74,6,8142100,burst,8,1,1,1,1,410,494,649,515,"checksum,crc10,crc16,crc32",
74,7,8142100,burst,8,0,1,1,1,264,2023,625,1838,"crc10,crc16,crc32",checksum
74,8,8142100,burst,8,1,1,1,1,335,2084,572,1828,"checksum,crc10,crc16,crc32",
74,9,8142100,burst,8,0,1,1,1,182,3913,575,1777,"crc10,crc16,crc32",checksum
74,10,8142100,burst,8,1,1,1,1,347,2553,692,2374,"checksum,crc10,crc16,crc32",
75,0,8142101,burst,9,1,1,1,1,2111,2954,3650,5213,"checksum,crc10,crc16,crc32",
75,1,8142101,burst,9,1,1,1,1,1298,3664,2737,4049,"checksum,crc10,crc16,crc32",
75,2,8142101,burst,9,1,1,1,1,454,449,529,1769,"checksum,crc10,crc16,crc32",
75,3,8142101,burst,9,1,1,1,1,651,1982,2095,2275,"checksum,crc10,crc16,crc32",
75,4,8142101,burst,9,1,1,1,1,318,306,476,336,"checksum,crc10,crc16,crc32",
75,5,8142101,burst,9,1,1,1,1,374,1799,914,1255,"checksum,crc10,crc16,crc32",
75,6,8142101,burst,9,1,1,1,1,331,1813,820,1138,"checksum,crc10,crc16,crc32",
75,7,8142101,burst,9,1,1,1,1,345,1803,808,1154,"checksum,crc10,crc16,crc32",
75,8,8142101,burst,9,1,1,1,1,331,1804,789,1219,"checksum,crc10,crc16,crc32",
75,9,8142101,burst,9,1,1,1,1,366,417,578,229,"checksum,crc10,crc16,crc32",
75,10,8142101,burst,9,1,1,1,1,237,262,371,134,"checksum,crc10,crc16,crc32",
76,0,8142102,burst,10,1,1,1,1,1712,4540,5962,5943,"checksum,crc10,crc16,crc32",
76,1,8142102,burst,10,1,1,1,1,920,3370,3334,3888,"checksum,crc10,crc16,crc32",
76,2,8142102,burst,10,1,1,1,1,1366,2787,1156,2395,"checksum,crc10,crc16,crc32",
76,3,8142102,burst,10,1,1,1,1,300,2092,1094,1795,"checksum,crc10,crc16,crc32",
76,4,8142102,burst,10,1,1,1,1,215,1743,3128,1714,"checksum,crc10,crc16,crc32",
76,5,8142102,burst,10,1,1,1,1,211,3397,1189,1615,"checksum,crc10,crc16,crc32",
76,6,8142102,burst,10,1,1,1,1,211,1427,3158,1827,"checksum,crc10,crc16,crc32",
76,7,8142102,burst,10,1,1,1,1,212,1313,1936,1650,"checksum,crc10,crc16,crc32",
76,8,8142102,burst,10,1,1,1,1,372,342,593,398,"checksum,crc10,crc16,crc32",
76,9,8142102,burst,10,1,1,1,1,271,1252,1083,1723,"checksum,crc10,crc16,crc32",
76,10,8142102,burst,10,1,1,1,1,251,1313,1105,1849,"checksum,crc10,crc16,crc32",
77,0,8142103,burst,11,1,1,1,1,3160,1984,2672,5131,"checksum,crc10,crc16,crc32",
77,1,8142103,burst,11,1,1,1,1,1877,514,1684,1351,"checksum,crc10,crc16,crc32",
77,2,8142103,burst,11,1,1,1,1,1201,1591,2872,2103,"checksum,crc10,crc16,crc32",
77,3,8142103,burst,11,1,1,1,1,729,1408,2619,1612,"checksum,crc10,crc16,crc32",
77,4,8142103,burst,11,1,1,1,1,740,1390,878,1517,"checksum,crc10,crc16,crc32",
77,5,8142103,burst,11,1,1,1,1,568,1357,846,1460,"checksum,crc10,crc16,crc32",
77,6,8142103,burst,11,1,1,1,1,559,1354,796,3780,"checksum,crc10,crc16,crc32",
77,7,8142103,burst,11,1,1,1,1,511,1351,812,1403,"checksum,crc10,crc16,crc32",
77,8,8142103,burst,11,1,1,1,1,1551,209,471,316,"checksum,crc10,crc16,crc32",
77,9,8142103,burst,11,1,1,1,1,1071,1345,766,1171,"checksum,crc10,crc16,crc32",
77,10,8142103,burst,11,1,1,1,1,824,1267,2610,1205,"checksum,crc10,crc16,crc32",
78,0,8142104,burst,12,1,1,1,1,503,2460,749,1029,"checksum,crc10,crc16,crc32",
78,1,8142104,burst,12,1,1,1,1,624,1674,1487,1674,"checksum,crc10,crc16,crc32",
78,2,8142104,burst,12,1,1,1,1,971,2869,3602,4138,"checksum,crc10,crc16,crc32",
78,3,8142104,burst,12,1,1,1,1,330,1928,1676,1885,"checksum,crc10,crc16,crc32",
78,4,8142104,burst,12,1,1,1,1,369,1828,568,1826,"checksum,crc10,crc16,crc32",
78,5,8142104,burst,12,1,1,1,1,328,1961,539,1795,"checksum,crc10,crc16,crc32",
78,6,8142104,burst,12,1,1,1,1,329,3845,489,1768,"checksum,crc10,crc16,crc32",
78,7,8142104,burst,12,1,1,1,1,205,1379,450,1494,"checksum,crc10,crc16,crc32",
78,8,8142104,burst,12,1,1,1,1,327,2276,751,2387,"checksum,crc10,crc16,crc32",
78,9,8142104,burst,12,1,1,1,1,336,1906,487,1866,"checksum,crc10,crc16,crc32",
78,10,8142104,burst,12,1,1,1,1,339,1879,505,1916,"checksum,crc10,crc16,crc32",
79,0,8142105,burst,13,1,1,1,1,1735,2744,1979,5976,"checksum,crc10,crc16,crc32",
79,1,8142105,burst,13,1,1,1,1,514,840,793,1691,"checksum,crc10,crc16,crc32",
79,2,8142105,burst,13,1,1,1,1,569,2227,1054,2937,"checksum,crc10,crc16,crc32",
79,3,8142105,burst,13,1,1,1,1,169,228,261,2331,"checksum,crc10,crc16,crc32",
79,4,8142105,burst,13,1,1,1,1,261,1939,685,2626,"checksum,crc10,crc16,crc32",
79,5,8142105,burst,13,1,1,1,1,253,1728,517,1454,"checksum,crc10,crc16,crc32",
79,6,8142105,burst,13,1,1,1,1,260,1745,506,1432,"checksum,crc10,crc16,crc32",
79,7,8142105,burst,13,1,1,1,1,201,254,273,297,"checksum,crc10,crc16,crc32",
79,8,8142105,burst,13,1,1,1,1,236,1758,515,1546,"checksum,crc10,crc16,crc32",
79,9,8142105,burst,13,1,1,1,1,261,1846,520,1433,"checksum,crc10,crc16,crc32",
79,10,8142105,burst,13,1,1,1,1,259,1863,623,1515,"checksum,crc10,crc16,crc32",
81,0,8142107,single_bit,0,1,1,1,1,2026,2506,4527,5078,"checksum,crc10,crc16,crc32",
81,1,8142107,single_bit,0,1,1,1,1,844,2008,2962,3195,"checksum,crc10,crc16,crc32",
81,2,8142107,single_bit,0,0,0,0,1,246,1462,1838,3069,crc32,"checksum,crc10,crc16"
81,3,8142107,single_bit,0,1,1,1,1,406,1549,3068,1595,"checksum,crc10,crc16,crc32",
81,4,8142107,single_bit,0,1,1,1,1,238,1445,967,3728,"checksum,crc10,crc16,crc32",
81,5,8142107,single_bit,0,1,1,1,1,258,1431,878,1643,"checksum,crc10,crc16,crc32",
81,6,8142107,single_bit,0,1,1,1,1,225,1411,822,1231,"checksum,crc10,crc16,crc32",
81,7,8142107,single_bit,0,1,1,1,1,231,1416,806,1172,"checksum,crc10,crc16,crc32",
81,8,8142107,single_bit,0,1,1,1,1,228,1408,931,1205,"checksum,crc10,crc16,crc32",
81,9,8142107,single_bit,0,1,1,1,1,228,1388,816,1683,"checksum,crc10,crc16,crc32",
81,10,8142107,single_bit,0,1,1,1,1,256,1423,1219,1404,"checksum,crc10,crc16,crc32",
82,0,8142108,single_bit,0,0,0,0,1,664,3301,2120,3838,crc32,"checksum,crc10,crc16"
82,1,8142108,single_bit,0,1,1,1,1,1264,2550,1165,2128,"checksum,crc10,crc16,crc32",
82,2,8142108,single_bit,0,1,1,1,1,603,1821,444,1508,"checksum,crc10,crc16,crc32",
82,3,8142108,single_bit,0,1,1,1,1,370,1684,404,1470,"checksum,crc10,crc16,crc32",
82,4,8142108,single_bit,0,1,1,1,1,360,1698,388,1428,"checksum,crc10,crc16,crc32",
82,5,8142108,single_bit,0,1,1,1,1,304,1678,391,1501,"checksum,crc10,crc16,crc32",
82,6,8142108,single_bit,0,1,1,1,1,416,411,352,417,"checksum,crc10,crc16,crc32",
82,7,8142108,single_bit,0,1,1,1,1,392,1793,466,1464,"checksum,crc10,crc16,crc32",
82,8,8142108,single_bit,0,1,1,1,1,296,1772,387,1484,"checksum,crc10,crc16,crc32",
82,9,8142108,single_bit,0,1,1,1,1,297,1689,391,1460,"checksum,crc10,crc16,crc32",
82,10,8142108,single_bit,0,1,1,1,1,302,1703,412,1599,"checksum,crc10,crc16,crc32",
83,0,8142109,burst,17,1,1,1,1,661,491,1875,2538,"checksum,crc10,crc16,crc32",
83,1,8142109,burst,17,1,1,1,1,1713,2457,3442,3359,"checksum,crc10,crc16,crc32",
83,2,8142109,burst,17,1,1,1,1,692,1739,660,1740,"checksum,crc10,crc16,crc32",
83,3,8142109,burst,17,1,1,1,1,517,333,419,434,"checksum,crc10,crc16,crc32",
83,4,8142109,burst,17,1,1,1,1,381,1760,510,1628,"checksum,crc10,crc16,crc32",
83,5,8142109,burst,17,1,1,1,1,315,1659,471,1582,"checksum,crc10,crc16,crc32",
83,6,8142109,burst,17,1,1,1,1,282,191,226,225,"checksum,crc10,crc16,crc32",
83,7,8142109,burst,17,1,1,1,1,341,1686,595,1596,"checksum,crc10,crc16,crc32",
83,8,8142109,burst,17,1,1,1,1,283,198,214,201,"checksum,crc10,crc16,crc32",
83,9,8142109,burst,17,1,1,1,1,406,1806,493,1574,"checksum,crc10,crc16,crc32",
83,10,8142109,burst,17,1,1,1,1,449,1711,491,1692,"checksum,crc10,crc16,crc32",
84,0,8142110,burst,18,1,1,1,1,634,1437,709,1614,"checksum,crc10,crc16,crc32",
84,1,8142110,burst,18,1,1,1,1,1695,1448,673,1402,"checksum,crc10,crc16,crc32",
84,2,8142110,burst,18,1,1,1,1,549,408,322,450,"checksum,crc10,crc16,crc32",
84,3,8142110,burst,18,1,1,1,1,1258,2426,1669,6021,"checksum,crc10,crc16,crc32",
84,4,8142110,burst,18,1,1,1,1,696,2007,669,4303,"checksum,crc10,crc16,crc32",
84,5,8142110,burst,18,1,1,1,1,490,4200,588,1723,"checksum,crc10,crc16,crc32",
84,6,8142110,burst,18,1,1,1,1,464,1933,561,2003,"checksum,crc10,crc16,crc32",
84,7,8142110,burst,18,1,1,1,1,467,1662,606,1547,"checksum,crc10,crc16,crc32",
84,8,8142110,burst,18,1,1,1,1,2456,1632,577,1557,"checksum,crc10,crc16,crc32",
84,9,8142110,burst,18,1,1,1,1,539,360,223,370,"checksum,crc10,crc16,crc32",
84,10,8142110,burst,18,1,1,1,1,469,272,251,230,"checksum,crc10,crc16,crc32",
85,0,8142111,burst,19,1,1,1,1,604,846,574,415,"checksum,crc10,crc16,crc32",
85,1,8142111,burst,19,1,1,1,1,1937,1408,2279,511,"checksum,crc10,crc16,crc32",
85,2,8142111,burst,19,1,1,1,1,503,327,448,191,"checksum,crc10,crc16,crc32",
85,3,8142111,burst,19,1,1,1,1,351,309,425,142,"checksum,crc10,crc16,crc32",
85,4,8142111,burst,19,1,1,1,1,1628,2243,3182,2379,"checksum,crc10,crc16,crc32",
85,5,8142111,burst,19,1,1,1,1,311,300,1611,165,"checksum,crc10,crc16,crc32",
85,6,8142111,burst,19,1,1,1,1,321,273,535,146,"checksum,crc10,crc16,crc32",
85,7,8142111,burst,19,1,1,1,1,586,3497,1344,1188,"checksum,crc10,crc16,crc32",
85,8,8142111,burst,19,1,1,1,1,461,3403,893,1171,"checksum,crc10,crc16,crc32",
85,9,8142111,burst,19,1,1,1,1,1673,3417,724,1176,"checksum,crc10,crc16,crc32",
85,10,8142111,burst,19,1,1,1,1,575,444,430,149,"checksum,crc10,crc16,crc32",
86,0,8142112,burst,20,1,1,1,1,1268,2265,8763,2991,"checksum,crc10,crc16,crc32",
86,1,8142112,burst,20,1,1,1,1,858,1823,3972,1710,"checksum,crc10,crc16,crc32",
86,2,8142112,burst,20,1,1,1,1,337,1349,1137,1180,"checksum,crc10,crc16,crc32",
86,3,8142112,burst,20,0,1,1,1,258,1420,918,1156,"crc10,crc16,crc32",checksum
86,4,8142112,burst,20,1,1,1,1,256,1256,839,1128,"checksum,crc10,crc16,crc32",
86,5,8142112,burst,20,1,1,1,1,213,1276,859,1130,"checksum,crc10,crc16,crc32",
86,6,8142112,burst,20,1,1,1,1,215,1288,887,1142,"checksum,crc10,crc16,crc32",
86,7,8142112,burst,20,1,1,1,1,310,300,676,353,"checksum,crc10,crc16,crc32",
86,8,8142112,burst,20,1,1,1,1,239,1289,1009,1282,"checksum,crc10,crc16,crc32",
86,9,8142112,burst,20,1,1,1,1,256,1259,2440,1158,"checksum,crc10,crc16,crc32",
86,10,8142112,burst,20,1,1,1,1,176,178,480,202,"checksum,crc10,crc16,crc32",
87,0,8142113,burst,21,1,1,1,1,1899,2234,5812,6100,"checksum,crc10,crc16,crc32",
87,1,8142113,burst,21,1,1,1,1,554,537,673,1849,"checksum,crc10,crc16,crc32",
87,2,8142113,burst,21,1,1,1,1,572,1666,849,2224,"checksum,crc10,crc16,crc32",
87,3,8142113,burst,21,1,1,1,1,235,209,204,1408,"checksum,crc10,crc16,crc32",
87,4,8142113,burst,21,1,1,1,1,306,1460,548,2212,"checksum,crc10,crc16,crc32",
87,5,8142113,burst,21,1,1,1,1,203,162,218,400,"checksum,crc10,crc16,crc32",
87,6,8142113,burst,21,1,1,1,1,167,115,156,292,"checksum,crc10,crc16,crc32",
87,7,8142113,burst,21,1,1,1,1,250,1270,426,1556,"checksum,crc10,crc16,crc32",
87,8,8142113,burst,21,1,1,1,1,157,157,118,273,"checksum,crc10,crc16,crc32",
87,9,8142113,burst,21,1,1,1,1,240,1342,460,1647,"checksum,crc10,crc16,crc32",
87,10,8142113,burst,21,1,1,1,1,163,156,142,351,"checksum,crc10,crc16,crc32",
88,0,8142114,burst,22,1,1,1,1,3319,3035,2102,831,"checksum,crc10,crc16,crc32",
88,1,8142114,burst,22,1,1,1,1,2561,3603,1324,3479,"checksum,crc10,crc16,crc32",
88,2,8142114,burst,22,1,1,1,1,768,2803,511,1632,"checksum,crc10,crc16,crc32",
88,3,8142114,burst,22,1,1,1,1,475,2290,448,1740,"checksum,crc10,crc16,crc32",
88,4,8142114,burst,22,1,1,1,1,454,2000,448,1597,"checksum,crc10,crc16,crc32",
88,5,8142114,burst,22,1,1,1,1,542,409,317,426,"checksum,crc10,crc16,crc32",
88,6,8142114,burst,22,1,1,1,1,306,229,192,230,"checksum,crc10,crc16,crc32",
88,7,8142114,burst,22,1,1,1,1,469,1898,480,1584,"checksum,crc10,crc16,crc32",
88,8,8142114,burst,22,1,1,1,1,285,293,193,202,"checksum,crc10,crc16,crc32",
88,9,8142114,burst,22,1,1,1,1,400,1792,463,1681,"checksum,crc10,crc16,crc32",
88,10,8142114,burst,22,1,1,1,1,257,223,240,213,"checksum,crc10,crc16,crc32",
89,0,8142115,burst,23,1,1,1,1,1266,705,922,642,"checksum,crc10,crc16,crc32",
89,1,8142115,burst,23,1,1,1,1,1255,693,1296,536,"checksum,crc10,crc16,crc32",
89,2,8142115,burst,23,1,1,1,1,256,142,289,121,"checksum,crc10,crc16,crc32",
89,3,8142115,burst,23,1,1,1,1,956,2051,2798,1924,"checksum,crc10,crc16,crc32",
89,4,8142115,burst,23,1,1,1,1,490,1720,704,1348,"checksum,crc10,crc16,crc32",
89,5,8142115,burst,23,1,1,1,1,405,1572,698,1159,"checksum,crc10,crc16,crc32",
89,6,8142115,burst,23,1,1,1,1,559,1539,523,1139,"checksum,crc10,crc16,crc32",
89,7,8142115,burst,23,1,1,1,1,245,206,230,164,"checksum,crc10,crc16,crc32",
89,8,8142115,burst,23,1,1,1,1,389,1549,546,1210,"checksum,crc10,crc16,crc32",
89,9,8142115,burst,23,1,1,1,1,224,173,225,141,"checksum,crc10,crc16,crc32",
89,10,8142115,burst,23,1,1,1,1,502,1483,562,1172,"checksum,crc10,crc16,crc32",
91,0,8142117,single_bit,0,1,1,1,1,1791,2447,3579,3690,"checksum,crc10,crc16,crc32",
91,1,8142117,single_bit,0,1,1,1,1,977,1999,1393,1708,"checksum,crc10,crc16,crc32",
91,2,8142117,single_bit,0,1,1,1,1,318,1810,581,1228,"checksum,crc10,crc16,crc32",
91,3,8142117,single_bit,0,1,1,1,1,289,1554,417,1267,"checksum,crc10,crc16,crc32",
91,4,8142117,single_bit,0,1,1,1,1,214,1473,389,1175,"checksum,crc10,crc16,crc32",
91,5,8142117,single_bit,0,1,1,1,1,221,1508,377,1140,"checksum,crc10,crc16,crc32",
91,6,8142117,single_bit,0,1,1,1,1,215,1466,373,1181,"checksum,crc10,crc16,crc32",
91,7,8142117,single_bit,0,1,1,1,1,339,316,296,328,"checksum,crc10,crc16,crc32",
91,8,8142117,single_bit,0,1,1,1,1,231,1429,432,1252,"checksum,crc10,crc16,crc32",
91,9,8142117,single_bit,0,1,1,1,1,220,1458,394,1169,"checksum,crc10,crc16,crc32",
91,10,8142117,single_bit,0,1,1,1,1,263,1385,405,1220,"checksum,crc10,crc16,crc32",
92,0,8142118,single_bit,0,1,1,1,1,1553,3238,3893,6634,"checksum,crc10,crc16,crc32",
92,1,8142118,single_bit,0,1,1,1,1,1080,3718,3026,3531,"checksum,crc10,crc16,crc32",
92,2,8142118,single_bit,0,1,1,1,1,388,2216,1017,3413,"checksum,crc10,crc16,crc32",
92,3,8142118,single_bit,0,1,1,1,1,257,2001,955,3390,"checksum,crc10,crc16,crc32",
92,4,8142118,single_bit,0,1,1,1,1,254,1928,733,1886,"checksum,crc10,crc16,crc32",
92,5,8142118,single_bit,0,1,1,1,1,260,4034,701,1766,"checksum,crc10,crc16,crc32",
92,6,8142118,single_bit,0,1,1,1,1,252,1783,696,1477,"checksum,crc10,crc16,crc32",
92,7,8142118,single_bit,0,1,1,1,1,265,1618,916,1334,"checksum,crc10,crc16,crc32",
92,8,8142118,single_bit,0,1,1,1,1,331,1663,697,1426,"checksum,crc10,crc16,crc32",
92,9,8142118,single_bit,0,1,1,1,1,258,1708,706,1368,"checksum,crc10,crc16,crc32",
92,10,8142118,single_bit,0,1,1,1,1,315,1684,713,1421,"checksum,crc10,crc16,crc32",
93,0,8142119,burst,27,1,1,1,1,1325,2295,4043,4742,"checksum,crc10,crc16,crc32",
93,1,8142119,burst,27,1,1,1,1,1114,2014,3087,3638,"checksum,crc10,crc16,crc32",
93,2,8142119,burst,27,1,1,1,1,460,489,751,589,"checksum,crc10,crc16,crc32",
93,3,8142119,burst,27,1,1,1,1,200,130,282,383,"checksum,crc10,crc16,crc32",
93,4,8142119,burst,27,1,1,1,1,248,151,246,305,"checksum,crc10,crc16,crc32",
93,5,8142119,burst,27,1,1,1,1,256,185,336,309,"checksum,crc10,crc16,crc32",
93,6,8142119,burst,27,1,1,1,1,653,1426,1043,1978,"checksum,crc10,crc16,crc32",
93,7,8142119,burst,27,1,1,1,1,337,1355,720,1673,"checksum,crc10,crc16,crc32",
93,8,8142119,burst,27,1,1,1,1,203,385,302,286,"checksum,crc10,crc16,crc32",
93,9,8142119,burst,27,1,1,1,1,327,1714,748,1699,"checksum,crc10,crc16,crc32",
93,10,8142119,burst,27,1,1,1,1,434,1356,1194,1820,"checksum,crc10,crc16,crc32",
94,0,8142120,burst,28,0,1,1,1,1012,2736,4214,4780,"crc10,crc16,crc32",checksum
94,1,8142120,burst,28,1,1,1,1,1304,2435,3439,4062,"checksum,crc10,crc16,crc32",
94,2,8142120,burst,28,1,1,1,1,485,435,706,534,"checksum,crc10,crc16,crc32",
94,3,8142120,burst,28,1,1,1,1,199,255,316,280,"checksum,crc10,crc16,crc32",
94,4,8142120,burst,28,1,1,1,1,234,245,350,288,"checksum,crc10,crc16,crc32",
94,5,8142120,burst,28,1,1,1,1,183,181,286,261,"checksum,crc10,crc16,crc32",
94,6,8142120,burst,28,1,1,1,1,617,1811,1181,2008,"checksum,crc10,crc16,crc32",
94,7,8142120,burst,28,1,1,1,1,412,1728,972,3871,"checksum,crc10,crc16,crc32",
94,8,8142120,burst,28,1,1,1,1,313,1980,1229,4192,"checksum,crc10,crc16,crc32",
94,9,8142120,burst,28,1,1,1,1,424,1808,898,2275,"checksum,crc10,crc16,crc32",
94,10,8142120,burst,28,1,1,1,1,238,238,344,392,"checksum,crc10,crc16,crc32",
95,0,8142121,burst,29,1,1,1,1,1361,2150,2345,2710,"checksum,crc10,crc16,crc32",
95,1,8142121,burst,29,1,1,1,1,1196,1838,1600,1804,"checksum,crc10,crc16,crc32",
95,2,8142121,burst,29,1,1,1,1,373,1444,635,1265,"checksum,crc10,crc16,crc32",
95,3,8142121,burst,29,1,1,1,1,250,1384,715,1229,"checksum,crc10,crc16,crc32",
95,4,8142121,burst,29,1,1,1,1,259,1291,773,1265,"checksum,crc10,crc16,crc32",
95,5,8142121,burst,29,1,1,1,1,328,1261,823,1176,"checksum,crc10,crc16,crc32",
95,6,8142121,burst,29,1,1,1,1,260,1245,656,1169,"checksum,crc10,crc16,crc32",
95,7,8142121,burst,29,1,1,1,1,258,1264,615,1141,"checksum,crc10,crc16,crc32",
95,8,8142121,burst,29,1,1,1,1,259,1288,615,1247,"checksum,crc10,crc16,crc32",
95,9,8142121,burst,29,1,1,1,1,256,1269,684,1185,"checksum,crc10,crc16,crc32",
95,10,8142121,burst,29,1,1,1,1,326,1264,612,1231,"checksum,crc10,crc16,crc32",
96,0,8142122,burst,30,1,1,1,1,1102,3361,3312,8386,"checksum,crc10,crc16,crc32",
96,1,8142122,burst,30,1,1,1,1,866,583,2262,2506,"checksum,crc10,crc16,crc32",
96,2,8142122,burst,30,1,1,1,1,566,1638,988,5846,"checksum,crc10,crc16,crc32",
96,3,8142122,burst,30,1,1,1,1,219,202,310,1801,"checksum,crc10,crc16,crc32",
96,4,8142122,burst,30,1,1,1,1,184,176,250,573,"checksum,crc10,crc16,crc32",
96,5,8142122,burst,30,1,1,1,1,143,175,192,390,"checksum,crc10,crc16,crc32",
96,6,8142122,burst,30,1,1,1,1,251,1440,596,3082,"checksum,crc10,crc16,crc32",
96,7,8142122,burst,30,1,1,1,1,171,187,188,1793,"checksum,crc10,crc16,crc32",
96,8,8142122,burst,30,1,1,1,1,195,169,197,1896,"checksum,crc10,crc16,crc32",
96,9,8142122,burst,30,1,1,1,1,145,176,139,1721,"checksum,crc10,crc16,crc32",
96,10,8142122,burst,30,1,1,1,1,184,170,467,1756,"checksum,crc10,crc16,crc32",
97,0,8142123,burst,31,1,1,1,1,1442,7463,3144,5286,"checksum,crc10,crc16,crc32",
97,1,8142123,burst,31,1,1,1,1,2759,4976,4125,7720,"checksum,crc10,crc16,crc32",
97,2,8142123,burst,31,1,1,1,1,541,459,741,530,"checksum,crc10,crc16,crc32",
97,3,8142123,burst,31,1,1,1,1,270,410,242,306,"checksum,crc10,crc16,crc32",
97,4,8142123,burst,31,1,1,1,1,236,261,231,2020,"checksum,crc10,crc16,crc32",
97,5,8142123,burst,31,1,1,1,1,695,2082,1196,2864,"checksum,crc10,crc16,crc32",
97,6,8142123,burst,31,1,1,1,1,786,1680,770,2096,"checksum,crc10,crc16,crc32",
97,7,8142123,burst,31,1,1,1,1,462,3359,734,1751,"checksum,crc10,crc16,crc32",
97,8,8142123,burst,31,1,1,1,1,440,1900,688,1848,"checksum,crc10,crc16,crc32",
97,9,8142123,burst,31,1,1,1,1,270,354,273,383,"checksum,crc10,crc16,crc32",
97,10,8142123,burst,31,1,1,1,1,291,365,303,337,"checksum,crc10,crc16,crc32",
98,0,8142124,burst,32,1,1,1,1,333,897,992,1021,"checksum,crc10,crc16,crc32",
98,1,8142124,burst,32,1,1,1,1,500,2478,1700,1937,"checksum,crc10,crc16,crc32",
98,2,8142124,burst,32,1,1,1,1,781,4631,3588,2104,"checksum,crc10,crc16,crc32",
98,3,8142124,burst,32,1,1,1,1,275,2127,931,1181,"checksum,crc10,crc16,crc32",
98,4,8142124,burst,32,1,1,1,1,165,419,454,238,"checksum,crc10,crc16,crc32",
98,5,8142124,burst,32,1,1,1,1,172,293,310,180,"checksum,crc10,crc16,crc32",
98,6,8142124,burst,32,1,1,1,1,233,2062,794,1223,"checksum,crc10,crc16,crc32",
98,7,8142124,burst,32,1,1,1,1,238,315,323,219,"checksum,crc10,crc16,crc32",
98,8,8142124,burst,32,1,1,1,1,229,1940,662,1266,"checksum,crc10,crc16,crc32",
98,9,8142124,burst,32,1,1,1,1,159,1726,1511,167,"checksum,crc10,crc16,crc32",
98,10,8142124,burst,32,1,1,1,1,420,2631,1406,1753,"checksum,crc10,crc16,crc32",
99,0,8142125,burst,33,1,1,1,1,2252,647,817,645,"checksum,crc10,crc16,crc32",
99,1,8142125,burst,33,1,1,1,1,1142,2072,4398,4963,"checksum,crc10,crc16,crc32",
99,2,8142125,burst,33,1,1,1,1,269,336,785,567,"checksum,crc10,crc16,crc32",
99,3,8142125,burst,33,1,1,1,1,417,1435,1097,1840,"checksum,crc10,crc16,crc32",
99,4,8142125,burst,33,1,1,1,1,172,212,458,1597,"checksum,crc10,crc16,crc32",
99,5,8142125,burst,33,1,1,1,1,170,172,454,467,"checksum,crc10,crc16,crc32",
99,6,8142125,burst,33,1,1,1,1,154,133,572,386,"checksum,crc10,crc16,crc32",
99,7,8142125,burst,33,1,1,1,1,281,1327,1077,2563,"checksum,crc10,crc16,crc32",
99,8,8142125,burst,33,1,1,1,1,158,140,426,344,"checksum,crc10,crc16,crc32",
99,9,8142125,burst,33,1,1,1,1,253,1322,763,1951,"checksum,crc10,crc16,crc32",
99,10,8142125,burst,33,1,1,1,1,285,1319,855,2044,"checksum,crc10,crc16,crc32",
